song_id,binary_label
204074,1
204075,1
204076,1
263327,1
286429,1
286552,1
291992,1
291993,1
292013,1
304844,1
309174,1
364951,1
364962,1
365108,1
365155,1
365227,1
365456,1
532078,1
532092,1
532093,1
532094,1
532096,1
534726,1
536485,1
536979,1
537239,1
541403,1
541846,1
546004,1
549995,1
553814,1
555640,1
555755,1
557093,1
560281,1
561836,1
562487,1
565056,1
568003,1
569217,1
573314,1
576431,1
576455,1
580936,1
581389,1
582252,1
598098,1
598671,1
598731,1
600153,1
600629,1
601013,1
601019,1
601886,1
603418,1
603946,1
604371,1
609244,1
609372,1
612837,1
615655,1
619310,1
626167,1
626418,1
626419,1
627287,1
630701,1
661928,1
661930,1
662099,1
662101,1
662103,1
662104,1
662113,1
662404,1
662416,1
662432,1
662464,1
662471,1
662472,1
662490,1
662729,1
662779,1
662783,1
664107,1
671140,1
674711,1
676183,1
676954,1
678372,1
678465,1
679217,1
685246,1
691622,1
700383,1
703748,1
705271,1
705531,1
705770,1
705993,1
709291,1
711195,1
717358,1
718354,1
720737,1
735670,1
743754,1
746387,1
749095,1
751867,1
769970,1
773367,1
776220,1
783489,1
786717,1
786778,1
786826,1
793796,1
801671,1
801842,1
811834,1
811880,1
827969,1
830309,1
834989,1
845630,1
863103,1
873558,1
876717,1
882920,1
884025,1
884030,1
884041,1
884266,1
886334,1
886444,1
888369,1
900832,1
905554,1
906568,1
906573,1
906588,1
907061,1
907649,1
907714,1
908572,1
909969,1
910074,1
910210,1
910925,1
912061,1
912819,1
916424,1
916427,1
916445,1
916496,1
916937,1
917102,1
917717,1
924615,1
925108,1
925118,1
925750,1
925829,1
925831,1
927702,1
931489,1
935442,1
935499,1
935730,1
936899,1
937239,1
937284,1
938095,1
938189,1
943376,1
948047,1
949279,1
953606,1
953611,1
953747,1
962206,1
963085,1
965215,1
969494,1
978916,1
979139,1
982678,1
982752,1
983238,1
983357,1
994702,1
995525,1
1000121,1
1015862,1
1022290,1
1030221,1
1042543,1
1048727,1
1048898,1
1059093,1
1075781,1
1079668,1
1095869,1
1095872,1
1097838,1
1098069,1
1108303,1
1108304,1
1109731,1
1109737,1
1111765,1
1112991,1
1113001,1
1115044,1
1115088,1
1118078,1
1121657,1
1124454,1
1125903,1
1128293,1
1132150,1
1135922,1
1136200,1
1137237,1
1141168,1
1141668,1
1141671,1
1141674,1
1142341,1
1142585,1
1151620,1
1161005,1
1161679,1
1162527,1
1167710,1
1167968,1
1171163,1
1171629,1
1172324,1
1173622,1
1177996,1
1179362,1
1181533,1
1184308,1
1195496,1
1277771,1
1334599,1
1412187,1
1565495,1
1572685,1
1572686,1
1572689,1
1572691,1
1572694,1
1574150,1
1574660,1
1576424,1
1579474,1
1579481,1
2101574,1
2121805,1
2122565,1
2124051,1
2124748,1
2133626,1
2133998,1
2149880,1
2157679,1
2157694,1
2171464,1
2176476,1
2184465,1
2187350,1
2194974,1
2204387,1
2229726,1
2232101,1
2237381,1
2244834,1
2247915,1
2251072,1
2261953,1
2263033,1
2264728,1
2264730,1
2265289,1
2267042,1
2271384,1
2278190,1
2282841,1
2283852,1
2294433,1
2310875,1
2312047,1
2317178,1
2317823,1
2317826,1
2323657,1
2370001,1
2396491,1
2420400,1
2420401,1
2423898,1
2428630,1
2430021,1
2435134,1
2438245,1
2440658,1
2447443,1
2459887,1
2460060,1
2463406,1
2480949,1
2485118,1
2485134,1
2498754,1
2518932,1
2522953,1
2525505,1
2525861,1
2525864,1
2530363,1
2541568,1
2544054,1
2544057,1
2544065,1
2544437,1
2548870,1
2553265,1
2553273,1
2575685,1
2577512,1
2591105,1
2591166,1
2603557,1
2651026,1
2651093,1
2654074,1
2659988,1
2661882,1
2674013,1
2676034,1
2680867,1
2686140,1
2704064,1
2704077,1
2733680,1
2739438,1
2741511,1
2793753,1
2794160,1
2794600,1
2802638,1
2803677,1
2809780,1
2838140,1
2862281,1
2924891,1
2953166,1
2994500,1
2994504,1
3002361,1
3002369,1
3020980,1
3026450,1
3028064,1
3033869,1
3037870,1
3056960,1
3069407,1
3072020,1
3075957,1
3087705,1
3087710,1
3087827,1
3087828,1
3088069,1
3090793,1
3090887,1
3095889,1
3097488,1
3097498,1
3097499,1
3098100,1
3098841,1
3098956,1
3099229,1
3100894,1
3102130,1
3102138,1
3102197,1
3104483,1
3104484,1
3104486,1
3104591,1
3107314,1
3107315,1
3107317,1
3107318,1
3107326,1
3107395,1
3112414,1
3113471,1
3129031,1
3129413,1
3129568,1
3129772,1
3129775,1
3129974,1
3133684,1
3133738,1
3134753,1
3135034,1
3135336,1
3135553,1
3135554,1
3135556,1
3135725,1
3136389,1
3137332,1
3137682,1
3137790,1
3138695,1
3138696,1
3138703,1
3138819,1
3138820,1
3138878,1
3139511,1
3141581,1
3142379,1
3147134,1
3147136,1
3152010,1
3153537,1
3155763,1
3155771,1
3155887,1
3155977,1
3157685,1
3157972,1
3158985,1
3164155,1
3165085,1
3169146,1
3286460,1
3286469,1
3389258,1
3432592,1
3432597,1
3445820,1
3544008,1
3576513,1
3582295,1
3592773,1
3601752,1
3603521,1
3616544,1
3616651,1
3616662,1
3667173,1
3667174,1
3669620,1
3731272,1
3731410,1
3748159,1
3749789,1
3750982,1
3754370,1
3754371,1
3755292,1
3755305,1
3755615,1
3765177,1
3765804,1
3765813,1
3780534,1
3781313,1
3787855,1
3788311,1
3831939,1
3834127,1
3842081,1
3843591,1
3850929,1
3872920,1
3875748,1
3886728,1
3899459,1
3904040,1
3905124,1
3908233,1
3976674,1
4008364,1
4008456,1
4077573,1
4085211,1
4096754,1
4096755,1
4096963,1
4097303,1
4097308,1
4108057,1
4110989,1
4123267,1
4123268,1
4123638,1
4124516,1
4124656,1
4125128,1
4125137,1
4162078,1
4162693,1
4162694,1
4185902,1
4188437,1
4193815,1
4193816,1
4194891,1
4195713,1
4198565,1
4209617,1
4209621,1
4216277,1
4217743,1
4225670,1
4232307,1
4233792,1
4234480,1
4253547,1
4274028,1
4276179,1
4286051,1
4286585,1
4288159,1
4292114,1
4292257,1
4301865,1
4301867,1
4308044,1
4308350,1
4309449,1
4315310,1
4370367,1
4519496,1
4519514,1
4519745,1
4520397,1
4520994,1
4531344,1
4562943,1
4575932,1
4585482,1
4586925,1
4586926,1
4598371,1
4601933,1
4603174,1
4603408,1
4619463,1
4619464,1
4619466,1
4619468,1
4619575,1
4619609,1
4620559,1
4620699,1
4622957,1
4633180,1
4670273,1
4670276,1
4672231,1
4677572,1
4694989,1
4708315,1
4709938,1
4709944,1
4709947,1
4709951,1
4760904,1
4762941,1
4763165,1
4830494,1
4833729,1
4928663,1
4952889,1
4954356,1
5060036,1
5077251,1
5077272,1
5078973,1
5079863,1
5079867,1
5088096,1
5093561,1
5125708,1
5223908,1
5250944,1
5304870,1
5351361,1
5398215,1
5400243,1
5404526,1
5404568,1
5411298,1
5420471,1
5448283,1
5545070,1
5620720,1
5639255,1
5639363,1
5644542,1
5644736,1
5662806,1
5752358,1
5754244,1
5786416,1
5786444,1
5805165,1
5867874,1
5958976,1
5976167,1
5987348,1
6026499,1
6048740,1
6113110,1
6150244,1
6156214,1
6166675,1
6169754,1
6169809,1
6169869,1
6169878,1
6177415,1
6204961,1
6211269,1
6214596,1
6288930,1
6297552,1
6297555,1
6298352,1
6322630,1
6323572,1
6337839,1
6339760,1
6345442,1
6357444,1
6357451,1
6414665,1
6461440,1
6463850,1
6469834,1
6471311,1
6489970,1
6492700,1
6494872,1
6517504,1
6518172,1
6558029,1
6580746,1
6588199,1
6588200,1
6599483,1
6599821,1
6599837,1
6599840,1
6599841,1
6628158,1
6636461,1
6683986,1
6690255,1
6720668,1
6722114,1
6722115,1
6722119,1
6775618,1
6819410,1
6917807,1
7010056,1
7011856,1
7035113,1
7035328,1
7063920,1
7080799,1
7117042,1
7117058,1
7145708,1
7145717,1
7146281,1
7155250,1
7155433,1
7157487,1
7164461,1
7180013,1
7191363,1
7193834,1
7216935,1
7263732,1
7270079,1
7270080,1
7270085,1
7270086,1
7270094,1
7270171,1
7285098,1
7300948,1
7365608,1
7365611,1
7365614,1
7365618,1
7365620,1
7372872,1
7374481,1
7375556,1
7379337,1
7429117,1
7433837,1
7439948,1
7439953,1
7474274,1
7488940,1
7488946,1
7515937,1
7555558,1
7562069,1
7624156,1
7624157,1
7624158,1
7624161,1
7624170,1
7624663,1
7631760,1
7664548,1
7667059,1
7667349,1
7705885,1
7705892,1
7706001,1
7706008,1
7706014,1
7754541,1
7779542,1
7818900,1
7818906,1
7827696,1
7857290,1
7916517,1
7928085,1
7928588,1
7936667,1
7955802,1
7978738,1
8011849,1
8014760,1
8035981,1
8076233,1
8086126,1
8086130,1
8086136,1
8102898,1
8110298,1
8112401,1
8128205,1
8131376,1
8147153,1
8169639,1
8177007,1
8930372,1
9438906,1
9440525,1
9489784,1
9807185,1
9812699,1
9927668,1
9956160,1
9997018,1
9997935,1
10027707,1
10097487,1
10099675,1
10127453,1
10127460,1
10160532,1
10162588,1
10201778,1
10206714,1
10240194,1
10245657,1
10262238,1
10265111,1
10279933,1
10283523,1
10285145,1
10287259,1
10287262,1
10308117,1
10308174,1
10378247,1
10401815,1
10469633,1
10495604,1
10496009,1
10496289,1
10583779,1
10596935,1
10686934,1
10783693,1
10852753,1
11210435,1
11222560,1
11234004,1
11282876,1
11289087,1
11316438,1
11390027,1
11390029,1
11495726,1
11540973,1
11616260,1
11655509,1
11655530,1
11663132,1
11673383,1
11673390,1
11732008,1
11732038,1
11829890,1
11829899,1
11843963,1
11843964,1
11844871,1
11899030,1
11899062,1
11918597,1
12000509,1
12159134,1
12169961,1
12206946,1
12207223,1
12266332,1
12270341,1
12270345,1
12270346,1
12324769,1
12325136,1
12335579,1
12340820,1
12343171,1
12356798,1
12441183,1
12452085,1
12493507,1
12551913,1
12565419,1
12565420,1
12565421,1
12565422,1
12573368,1
12580545,1
12601820,1
12636024,1
12644245,1
12724819,1
12778219,1
12785957,1
12790053,1
12791219,1
12792148,1
12804089,1
12817764,1
12984922,1
12984930,1
12984946,1
13040252,1
13111370,1
13111704,1
13112883,1
13128559,1
13132580,1
13141229,1
13146819,1
13161111,1
13166573,1
13203719,1
13211888,1
13215018,1
13249519,1
13275432,1
13275688,1
13275689,1
13275690,1
13275691,1
13275692,1
13275693,1
13291255,1
13394787,1
13430743,1
13430917,1
13492461,1
13502861,1
13529559,1
13529563,1
13623353,1
13636281,1
13671892,1
13677597,1
13724926,1
13724928,1
13727738,1
13783449,1
13792621,1
13797108,1
13832987,1
13832996,1
13839055,1
13839981,1
14047377,1
14068716,1
14145918,1
14172440,1
14176911,1
14177436,1
14178822,1
14180449,1
14196876,1
14235829,1
14241633,1
14278985,1
14279013,1
14299589,1
14340428,1
14352443,1
14383880,1
14500223,1
14518846,1
14525086,1
14525573,1
14525575,1
14598347,1
14748019,1
14775494,1
14835140,1
14888231,1
14893483,1
14913371,1
14930115,1
14931915,1
14948701,1
14954267,1
14959858,1
14993990,1
15044836,1
15165351,1
15165360,1
15254152,1
15254274,1
15269141,1
15391618,1
15404852,1
15455601,1
15489383,1
15512630,1
15512634,1
15512636,1
15546830,1
15556193,1
15556222,1
15583799,1
15636336,1
15639665,1
15640851,1
15772749,1
15772767,1
15781392,1
15929307,1
16010344,1
16013919,1
16065176,1
16131067,1
16150099,1
16161057,1
16161058,1
16187240,1
16331228,1
16336438,1
16341244,1
16341245,1
16341265,1
16418932,1
16499761,1
16501728,1
16565206,1
16607977,1
16642827,1
16670647,1
16670786,1
16705196,1
16705444,1
16705457,1
16712341,1
16944546,1
17017155,1
17099643,1
17123120,1
17135111,1
17135121,1
17199898,1
17199905,1
17199958,1
17232257,1
17330679,1
17330689,1
17347911,1
17347967,1
17347983,1
17385199,1
17479809,1
17480423,1
17490580,1
17490581,1
17519009,1
17561430,1
17561482,1
17607572,1
17612995,1
17616174,1
17681727,1
17768061,1
17826508,1
17838647,1
17994676,1
18049568,1
18063163,1
18063167,1
18063173,1
18063175,1
18063177,1
18074715,1
18181530,1
18232117,1
18240751,1
18255791,1
18333001,1
19004851,1
19271671,1
20578831,1
23892061,1
24276241,1
24276901,1
24778071,1
24941821,1
25002121,1
25746431,1
25746611,1
25887961,1
26608061,1
27018511,1
28499261,1
28499271,1
28852761,1
28852851,1
28883331,1
28958611,1
29199381,1
29472731,1
29735521,1
30971121,1
32106011,1
32109141,1
32118901,1
33305101,1
33993921,1
34818191,1
35088291,1
35098491,1
35098901,1
35407931,1
35748491,1
35748521,1
35782811,1
35960031,1
37027991,1
37181461,1
37217271,1
38019911,1
38250081,1
38290561,1
38290571,1
38290581,1
38290631,1
38336301,1
38427451,1
38775471,1
41197121,1
41294211,1
42535191,1
43025601,1
44230981,1
44615491,1
45594361,1
46092791,1
46226521,1
46227491,1
46435771,1
46676701,1
46676721,1
49582501,1
49945861,1
50454871,1
50909221,1
51300481,1
52071841,1
52508761,1
52661211,1
52735971,1
52880011,1
52880081,1
52880111,1
53301551,1
54005201,1
54420921,1
54428401,1
54519711,1
54519741,1
54519761,1
54754741,1
55015251,1
55131141,1
56718321,1
56725581,1
57089651,1
57840151,1
57840351,1
58241681,1
58530911,1
58723321,1
58786641,1
59127871,1
60200391,1
60726278,1
60741560,1
60768181,1
60768663,1
60813989,1
60831419,1
60842359,1
60847163,1
60904700,1
60906179,1
60906320,1
60977514,1
60978718,1
61002678,1
61018213,1
61057255,1
61104216,1
61108303,1
61142284,1
61142285,1
61142286,1
61142287,1
61142289,1
61142290,1
61142291,1
61142292,1
61142295,1
61142297,1
61172989,1
61182544,1
61188283,1
61239652,1
61287079,1
61308198,1
61308205,1
61376645,1
61379429,1
61419156,1
61419158,1
61424042,1
61424044,1
61424045,1
61424047,1
61424051,1
61427200,1
61453569,1
61542857,1
61573287,1
61590162,1
61638569,1
61639579,1
61639624,1
61662602,1
61664834,1
61675981,1
61676258,1
61686264,1
61698464,1
61718374,1
61723278,1
61723285,1
61784238,1
61823220,1
61823221,1
61872730,1
61892985,1
61972436,1
62077413,1
62082829,1
62083052,1
62084946,1
62166928,1
62196093,1
62220851,1
62376331,1
62439051,1
62566552,1
62566553,1
62603186,1
62624905,1
62624910,1
62664199,1
62664202,1
62723997,1
62724015,1
62751647,1
62751648,1
62751653,1
62813542,1
62845503,1
62847142,1
62847143,1
62847144,1
62847145,1
62847146,1
62847147,1
62847148,1
62847150,1
62847151,1
62847152,1
62847158,1
62847159,1
62847160,1
62847162,1
62847164,1
62894203,1
62951089,1
62960815,1
63017512,1
63034985,1
63042031,1
63042042,1
63087608,1
63094552,1
63094556,1
63094581,1
63100154,1
63100175,1
63158841,1
63303661,1
63379186,1
63394263,1
63457747,1
63459654,1
63461128,1
63480990,1
63510358,1
63510361,1
63533837,1
63565179,1
63576903,1
63641813,1
63653810,1
63893627,1
64010481,1
64014188,1
64039357,1
64067062,1
64300419,1
64305012,1
64398066,1
64398716,1
64402469,1
64449626,1
64472943,1
64516121,1
64605093,1
64627716,1
64650062,1
64734097,1
64734645,1
64764529,1
64784971,1
64821165,1
64920072,1
64920076,1
64931064,1
65017783,1
65039246,1
65055208,1
65097009,1
65129357,1
65208176,1
65249083,1
65297521,1
65310735,1
65310736,1
65395519,1
65395520,1
65395521,1
65395522,1
65404129,1
65404135,1
65439203,1
65441650,1
65444691,1
65445744,1
65477882,1
65487057,1
65493056,1
65544797,1
65544800,1
65579411,1
65586905,1
65590971,1
65626657,1
65630213,1
65724975,1
65725036,1
65728430,1
65735114,1
65759979,1
65768143,1
65938270,1
66036347,1
66206909,1
66266874,1
66274851,1
66283081,1
66307173,1
66314771,1
66380591,1
66404487,1
66461930,1
66465550,1
66465554,1
66536667,1
66536668,1
66539538,1
66609426,1
66644816,1
66650373,1
66683698,1
66730259,1
66762577,1
66772088,1
66773620,1
66786199,1
66789513,1
66822689,1
66881687,1
66937240,1
66940967,1
67041051,1
67041323,1
67077209,1
67102111,1
67102112,1
67122778,1
67159083,1
67231433,1
67232347,1
67234288,1
67238732,1
67238733,1
67238735,1
67257300,1
67322236,1
67344566,1
67354825,1
67406844,1
67420594,1
67446406,1
67488100,1
67499274,1
67513265,1
67532875,1
67538011,1
67556948,1
67562478,1
67563950,1
67704219,1
67765636,1
67814848,1
67814851,1
67845915,1
67862165,1
67873524,1
67873528,1
67880384,1
67880920,1
67950726,1
68016602,1
68016645,1
68018874,1
68094209,1
68171409,1
68171603,1
68171915,1
68175449,1
68350110,1
68352668,1
68392450,1
68414642,1
68437773,1
68442505,1
68446351,1
68446596,1
68513610,1
68544494,1
68593018,1
68634978,1
68748923,1
68849785,1
68861111,1
68861114,1
68884718,1
68917073,1
68917074,1
68943068,1
68943070,1
68960307,1
69002049,1
69051597,1
69056426,1
69122686,1
69135863,1
69159187,1
69222038,1
69387125,1
69390867,1
69404587,1
69419038,1
69424242,1
69533953,1
69551159,1
69574422,1
69627777,1
69627778,1
69677640,1
69686452,1
69686455,1
69686461,1
69712611,1
69734951,1
69743459,1
69754854,1
69779536,1
69794485,1
69796482,1
69819441,1
69829986,1
69863354,1
69863371,1
69879249,1
69879250,1
69879251,1
69879252,1
69879253,1
69879254,1
69879305,1
69991410,1
70040377,1
70041281,1
70051871,1
70079770,1
70100098,1
70128163,1
70179720,1
70206826,1
70216971,1
70216972,1
70226076,1
70227575,1
70266756,1
70266757,1
70266758,1
70266759,1
70266761,1
70266763,1
70322529,1
70335406,1
70383441,1
70384193,1
70386445,1
70412220,1
70466282,1
70484631,1
70493847,1
70506861,1
70506864,1
70509386,1
70513547,1
70531356,1
70531359,1
70534740,1
70562298,1
70562299,1
70566205,1
70581564,1
70585006,1
70607217,1
70638881,1
70640485,1
70640498,1
70697280,1
70697283,1
70697286,1
70697288,1
70697292,1
70697364,1
70713911,1
70785411,1
70801203,1
70965411,1
71067960,1
71071234,1
71071783,1
71078033,1
71091143,1
71099150,1
71102315,1
71102317,1
71110252,1
71124050,1
71131653,1
71148361,1
71178847,1
71204339,1
71220746,1
71222432,1
71242019,1
71244027,1
71247303,1
71294452,1
71298794,1
71323355,1
71348771,1
71403230,1
71512092,1
71515966,1
71551539,1
71630478,1
71645431,1
71645436,1
71645437,1
71661567,1
71661570,1
71699939,1
71705491,1
71762931,1
71788159,1
71830182,1
71836457,1
71886960,1
71914282,1
71966847,1
72006083,1
72051525,1
72059773,1
72067705,1
72082917,1
72089317,1
72098144,1
72104577,1
72125475,1
72151376,1
72164215,1
72167621,1
72273757,1
72273758,1
72273834,1
72299954,1
72313415,1
72313416,1
72314239,1
72314625,1
72328456,1
72363285,1
72363411,1
72379661,1
72391495,1
72398864,1
72417244,1
72420917,1
72427143,1
72521073,1
72543807,1
72653353,1
72656349,1
72656351,1
72676956,1
72714548,1
72717406,1
72717410,1
72717420,1
72717423,1
72717427,1
72756752,1
72780496,1
72795469,1
72795470,1
72795483,1
72856678,1
72925526,1
72931791,1
72934527,1
72999317,1
73058488,1
73093900,1
73135389,1
73156445,1
73188243,1
73219903,1
73262737,1
73284511,1
73284512,1
73286649,1
73372616,1
73398518,1
73439553,1
73457616,1
73457641,1
73464105,1
73580136,1
73616508,1
73617328,1
73646354,1
73695217,1
73696391,1
73707684,1
73707710,1
73724283,1
73738684,1
73738692,1
73741841,1
73820941,1
73917576,1
73946282,1
73949552,1
73957320,1
73982869,1
74020817,1
74077973,1
74085452,1
74088366,1
74099064,1
74120181,1
74126483,1
74158088,1
74158089,1
74191300,1
74227625,1
74232323,1
74297792,1
74319975,1
74341793,1
74395576,1
74401451,1
74432006,1
74457141,1
74461790,1
74580948,1
74594325,1
74596893,1
74609140,1
74659694,1
74728998,1
74732242,1
74735863,1
74736779,1
74749166,1
74816419,1
74896276,1
74904931,1
74933112,1
75056040,1
75070408,1
75072795,1
75077874,1
75139879,1
75149096,1
75178266,1
75180510,1
75192190,1
75197446,1
75197452,1
75243672,1
75298889,1
75299427,1
75314047,1
75320037,1
75454947,1
75469631,1
75502840,1
75502844,1
75502845,1
75524922,1
75526535,1
75541063,1
75551478,1
75610675,1
75610732,1
75677471,1
75716617,1
75717118,1
75717122,1
75739907,1
75747982,1
75768941,1
75819429,1
75837242,1
75876890,1
75879680,1
75920551,1
75947120,1
75980556,1
75981528,1
76066730,1
76066807,1
76148514,1
76148589,1
76149990,1
76159511,1
76220160,1
76253017,1
76292212,1
76306707,1
76384675,1
76395824,1
76395830,1
76395834,1
76395840,1
76396251,1
76437410,1
76451209,1
76461356,1
76489524,1
76494244,1
76520669,1
76520779,1
76535457,1
76543294,1
76575944,1
76578095,1
76734219,1
76734687,1
76801028,1
76895654,1
76914221,1
77325360,1
77349227,1
77349246,1
77349251,1
77379682,1
77379817,1
77380170,1
77387146,1
77403196,1
77484982,1
77526895,1
77542036,1
77564636,1
77573538,1
77587354,1
77633484,1
77645763,1
77698470,1
77698477,1
77725101,1
77760883,1
77766568,1
77784274,1
77800972,1
77846567,1
77855405,1
77856796,1
77913390,1
77913391,1
77918556,1
77963834,1
77977464,1
78016466,1
78016621,1
78098991,1
78129603,1
78213530,1
78213551,1
78213566,1
78232944,1
78276230,1
78304463,1
78357809,1
78383552,1
78442646,1
78454055,1
78508323,1
78516488,1
78527813,1
78576428,1
78602729,1
78620314,1
78630667,1
78671164,1
78671166,1
78689865,1
78713335,1
78755569,1
78768121,1
78768125,1
78799026,1
78801790,1
78872584,1
78941875,1
78974349,1
79036873,1
79083410,1
79083760,1
79134727,1
79140657,1
79185293,1
79185305,1
79223833,1
79251649,1
79257279,1
79296421,1
79311681,1
79319969,1
79426369,1
79472617,1
79475792,1
79475808,1
79508178,1
79542042,1
79559486,1
79587516,1
79587580,1
79587594,1
79592232,1
79598918,1
79606770,1
79641598,1
79770840,1
79797252,1
79875048,1
79875050,1
79875054,1
79875064,1
79928374,1
79940632,1
79965994,1
79965996,1
79965998,1
79967474,1
79967476,1
80105572,1
80112340,1
80133270,1
80194322,1
80197800,1
80221490,1
80267728,1
80275494,1
80460342,1
80561460,1
80591866,1
80648074,1
80866604,1
80869634,1
80870078,1
80885550,1
80889318,1
80895560,1
80924346,1
80984312,1
81065392,1
81105486,1
81234150,1
81263832,1
81292626,1
81404714,1
81435966,1
81458044,1
81609384,1
81656684,1
81661460,1
81763038,1
81768004,1
81768114,1
81771792,1
81797184,1
81797186,1
81827770,1
81828814,1
81918116,1
81924820,1
81940966,1
82060210,1
82060720,1
82063762,1
82100702,1
82120630,1
82184336,1
82265248,1
82418390,1
82418394,1
82418396,1
82488708,1
82490066,1
82564724,1
82715332,1
82751104,1
83059092,1
83059554,1
83059556,1
83065302,1
83101562,1
83113098,1
83116458,1
83489074,1
83756376,1
83769710,1
83805648,1
83837260,1
83837264,1
83837272,1
83840928,1
83841070,1
83844556,1
83893753,1
84118679,1
84208407,1
84268195,1
84310503,1
84490455,1
84574199,1
84668483,1
84669149,1
84669395,1
84693555,1
84694347,1
84791735,1
84791837,1
84860189,1
84864447,1
84864449,1
84883071,1
84886125,1
84908529,1
84908531,1
84908561,1
85202734,1
85463808,1
85568196,1
85576202,1
85750570,1
85849773,1
85918455,1
85963015,1
85963127,1
86044569,1
86096385,1
86233459,1
86401367,1
86453207,1
86453923,1
86453925,1
86543213,1
86616383,1
86730957,1
86734383,1
86835023,1
86877383,1
86922279,1
86922613,1
86953557,1
87284293,1
87323455,1
87361387,1
87371673,1
87515941,1
87535815,1
87543293,1
87669871,1
87669877,1
87850141,1
87897755,1
87897765,1
87935351,1
88003683,1
88003859,1
88210781,1
88252825,1
88252935,1
88273947,1
88417645,1
88419425,1
88420213,1
88485949,1
88533583,1
88552807,1
88612489,1
88614233,1
88677421,1
88834137,1
88895879,1
88897641,1
88936733,1
88936735,1
88936737,1
88936743,1
88936747,1
88936749,1
88936753,1
88936755,1
88936759,1
88951133,1
88969467,1
88990491,1
89067555,1
89067579,1
89067595,1
89076363,1
89077033,1
89078627,1
89179849,1
89355815,1
89390585,1
89458301,1
89570667,1
89575399,1
89597763,1
89597767,1
89599769,1
89629797,1
89779813,1
89796871,1
89824821,1
89845055,1
89860939,1
89862803,1
89865129,1
89870589,1
90182731,1
90213405,1
90248127,1
90250537,1
90250605,1
90250607,1
90250617,1
90250619,1
90250621,1
90250623,1
90250631,1
90292413,1
90326855,1
90374131,1
90382073,1
90408897,1
90408899,1
90465927,1
90563091,1
90566761,1
90632835,1
90632837,1
90655669,1
90661169,1
90726629,1
90822251,1
90985157,1
91085119,1
91222488,1
91222496,1
91253230,1
91323200,1
91348522,1
91352068,1
91467562,1
91467564,1
91490300,1
91519050,1
91543332,1
91543334,1
91934728,1
91987448,1
92053084,1
92053090,1
92198180,1
92305558,1
92570970,1
92572810,1
92630456,1
92719900,1
92720046,1
92720102,1
92734438,1
92818850,1
92826786,1
92827740,1
92829000,1
92829314,1
92871284,1
92871296,1
92905432,1
92962440,1
92962970,1
93011172,1
93102382,1
93135732,1
93183390,1
93194632,1
93318864,1
93352696,1
93376434,1
93477174,1
93477518,1
93477522,1
93477524,1
93497488,1
93820358,1
93841264,1
93853162,1
94086058,1
94107902,1
94195484,1
94195822,1
94296410,1
94400578,1
94415468,1
94415470,1
94424876,1
94497724,1
94556144,1
94568636,1
94635148,1
94652218,1
94652670,1
94715630,1
94727038,1
94727040,1
94755868,1
94961692,1
94978600,1
95057442,1
95140756,1
95174670,1
95200808,1
95225308,1
95254400,1
95254402,1
95254404,1
95254410,1
95254412,1
95254420,1
95570644,1
95611894,1
95662840,1
95813354,1
95854558,1
95923162,1
95938334,1
95938472,1
95961506,1
95963364,1
95963378,1
95964420,1
95964488,1
95965912,1
95968844,1
95973024,1
95978792,1
96085904,1
96133358,1
96258026,1
96402886,1
96446882,1
96454554,1
96461828,1
96507494,1
96770628,1
96818170,1
96824112,1
96839804,1
96974184,1
97094250,1
97206060,1
97231828,1
97325322,1
97330178,1
97339348,1
97383338,1
97637548,1
97786984,1
97796640,1
97842026,1
97933350,1
97937986,1
97971916,1
97998552,1
98027786,1
98087618,1
98105600,1
98169664,1
98253574,1
98320712,1
98358966,1
98544120,1
98674398,1
98920058,1
98980466,1
99029028,1
99029032,1
99122168,1
99184660,1
99360002,1
99472148,1
99480400,1
99494336,1
99543916,1
99554796,1
99601782,1
99601784,1
99756342,1
99827630,1
99925946,1
99976952,1
99976954,1
100031896,1
100061660,1
100081626,1
100311332,1
100334216,1
100362280,1
100456392,1
100464704,1
100511504,1
100551922,1
100598482,1
100614636,1
100889634,1
101050158,1
101172698,1
101764817,1
101782637,1
101833655,1
101917205,1
101925161,1
101935767,1
102035745,1
102063236,1
102335740,1
102400506,1
102551614,1
102671422,1
102875744,1
103014252,1
103057440,1
103073446,1
103094680,1
103171276,1
103214992,1
103311648,1
103365090,1
103549360,1
103726676,1
103806954,1
103867554,1
103870122,1
103996098,1
104006806,1
104088774,1
104088780,1
104226826,1
104233792,1
104233794,1
104233796,1
104552024,1
104749760,1
104847438,1
104867440,1
104936008,1
104953416,1
105011226,1
105064722,1
105069592,1
105070128,1
105164982,1
105221190,1
105278284,1
105353316,1
105381434,1
105499622,1
105502006,1
105716960,1
105771042,1
105882220,1
105970320,1
105970322,1
105977954,1
106062116,1
106095102,1
106152016,1
106281418,1
106301610,1
106442836,1
106462398,1
106506510,1
106506512,1
106506516,1
106636048,1
106733772,1
106807216,1
106844556,1
106883606,1
107030958,1
107267184,1
107329230,1
107346368,1
107346376,1
107406104,1
107471414,1
107471416,1
107471422,1
107540540,1
107541550,1
107541556,1
107541562,1
107619632,1
107688326,1
107765380,1
107825974,1
107878888,1
107926978,1
108149432,1
108216318,1
108223684,1
108637488,1
108659306,1
108711130,1
109145542,1
109171726,1
109176400,1
109176404,1
109176426,1
109182794,1
109254120,1
109429682,1
109596424,1
109641940,1
109702890,1
109703514,1
109734566,1
109739488,1
110150394,1
110230842,1
110256520,1
110663020,1
110823952,1
110908332,1
110994030,1
110994032,1
111024448,1
111275470,1
111482314,1
111603012,1
111775224,1
111779160,1
111779244,1
112076884,1
112662364,1
112662366,1
112662368,1
112744102,1
112825092,1
112889796,1
113039544,1
113159500,1
113300436,1
113366532,1
113366542,1
113366544,1
113366546,1
113536504,1
113731868,1
113775336,1
113798796,1
113945464,1
113948724,1
113989162,1
114338794,1
114395812,1
114395862,1
114396428,1
114496590,1
114811546,1
115024014,1
115671688,1
115706036,1
116116580,1
116944160,1
117176358,1
117513852,1
117678828,1
117692656,1
117731684,1
117797212,1
118187946,1
118190298,1
118195184,1
118416700,1
118516574,1
118660560,1
118986142,1
118993624,1
119302924,1
119364636,1
119437608,1
119876054,1
119899058,1
119936614,1
119962200,1
119967544,1
119967906,1
119981436,1
120024210,1
120026876,1
120150030,1
120359040,1
120429104,1
120433998,1
120557966,1
120737372,1
120791736,1
120803590,1
120817818,1
120869950,1
120949990,1
121096658,1
121107876,1
121124282,1
121593956,1
121594174,1
122047870,1
122379486,1
122435204,1
122437314,1
122438728,1
122439642,1
122440564,1
122447460,1
122447560,1
122450802,1
122552782,1
122691460,1
122701266,1
122703266,1
122703270,1
122810074,1
122882220,1
122886138,1
122927588,1
122927594,1
122927596,1
122932174,1
122982190,1
123103236,1
123114570,1
123132322,1
123139844,1
123246098,1
123279026,1
123373232,1
123395756,1
123607620,1
123791782,1
123801688,1
123807484,1
123852690,1
123868212,1
123883254,1
124013734,1
124105990,1
124197688,1
124220518,1
124220522,1
124220532,1
124237488,1
124258420,1
124262674,1
124271124,1
124433692,1
124527156,1
124550860,1
124603268,1
124603270,1
124603278,1
124603286,1
124603414,1
124604316,1
124606176,1
124689198,1
124937302,1
124989066,1
124992576,1
124996690,1
124996692,1
124996700,1
125089724,1
125244224,1
125400582,1
125513414,1
125536814,1
125546124,1
125594878,1
125599920,1
125600956,1
125651230,1
125890431,1
125971155,1
125972317,1
125983479,1
126024209,1
126024227,1
126092539,1
126368207,1
126368273,1
126449903,1
126587209,1
126609115,1
126718535,1
126844829,1
126846189,1
126846235,1
126846513,1
126847459,1
126848547,1
126884459,1
126911397,1
126924827,1
127075445,1
127075447,1
127246869,1
127248545,1
127300333,1
127539479,1
127673411,1
127674211,1
127731687,1
127787719,1
127803599,1
127875033,1
128337359,1
128458657,1
128458659,1
128546345,1
128552785,1
128566959,1
128588189,1
128658493,1
128706823,1
128762459,1
128878480,1
128947596,1
128948300,1
128951018,1
129011934,1
129121520,1
129252744,1
129287494,1
129287542,1
129309492,1
129310248,1
129311368,1
129313094,1
129324466,1
129385174,1
129473728,1
129568036,1
129580504,1
129610838,1
129632290,1
129632308,1
129632316,1
129632340,1
129736034,1
130005964,1
130018150,1
130105294,1
130113321,1
130118535,1
130250890,1
130374212,1
130414940,1
130414944,1
130427848,1
130604714,1
130637542,1
130852382,1
130853370,1
130855270,1
130855274,1
130861814,1
130893728,1
130914062,1
130941246,1
131060530,1
131144682,1
131226998,1
131337180,1
131343028,1
131344448,1
131460536,1
131611536,1
131661718,1
131740738,1
131742142,1
131743158,1
131963734,1
131982320,1
132123626,1
132136802,1
132193346,1
132195148,1
132195158,1
132197508,1
132198352,1
132201186,1
132201196,1
132265704,1
132350068,1
132389048,1
132434634,1
132614858,1
132929046,1
132935898,1
132950112,1
133102516,1
133103204,1
133115660,1
133117436,1
133117440,1
133134750,1
133135258,1
133165774,1
133165902,1
133165904,1
133165912,1
133196026,1
133203840,1
133203846,1
133204794,1
133215526,1
133346530,1
133595546,1
133661814,1
133940962,1
134028326,1
134044288,1
134177276,1
134294748,1
134400876,1
134443916,1
134523166,1
134527024,1
134527358,1
134527930,1
134533240,1
134539418,1
134711946,1
134712308,1
134816062,1
134946650,1
134948420,1
134951450,1
135025836,1
135026568,1
135026574,1
135027070,1
135047382,1
135065484,1
135203374,1
135203382,1
135203384,1
135263658,1
135335112,1
135369728,1
135372064,1
135373074,1
135373112,1
135373118,1
135373132,1
135373512,1
135373828,1
135429852,1
135438078,1
135439336,1
135440792,1
135452162,1
135631068,1
135736388,1
135876510,1
135909296,1
135949706,1
136101180,1
136127850,1
136219370,1
136262878,1
136297488,1
136336110,1
136336116,1
136341312,1
136341512,1
136343168,1
136537310,1
136693598,1
136802580,1
136803588,1
136806118,1
136864888,1
136889400,1
136889404,1
136889408,1
136889434,1
136907454,1
137215034,1
137215036,1
137215072,1
137261736,1
137261764,1
137266194,1
137311004,1
137336030,1
137441372,1
137523586,1
137726987,1
137728875,1
137782463,1
137828447,1
137911999,1
138112625,1
138123469,1
138128143,1
138128165,1
138139859,1
138176187,1
138341073,1
138350309,1
138600439,1
138620513,1
138626973,1
138755089,1
138791745,1
139098911,1
139102823,1
139216535,1
139470659,1
139494909,1
139618633,1
139787519,1
139884407,1
139904165,1
140055751,1
140179735,1
140182699,1
140183205,1
140210851,1
140225667,1
140292359,1
140295501,1
140338371,1
140344355,1
140416669,1
140421809,1
140534075,1
140721781,1
140721783,1
140744897,1
140744915,1
140761589,1
140835357,1
140850467,1
140856305,1
140861961,1
140869461,1
140869465,1
140883491,1
140889759,1
140907571,1
140932625,1
141198531,1
141216915,1
141337429,1
141340289,1
141345859,1
141345863,1
141433451,1
141433457,1
141612379,1
141624413,1
141665117,1
141687143,1
141821835,1
141826535,1
141826655,1
141921707,1
141939589,1
141942845,1
141952025,1
142095671,1
142175869,1
142181859,1
142218131,1
142254437,1
142328215,1
142335443,1
142336931,1
142337677,1
142337683,1
142337695,1
142413895,1
142584192,1
142706538,1
142744184,1
142748736,1
142748748,1
142750222,1
142760602,1
142760716,1
142770614,1
142808100,1
142811130,1
142820632,1
142824176,1
142844852,1
142870456,1
142901634,1
142986200,1
142986204,1
142986206,1
142986208,1
142999898,1
143041044,1
143060940,1
143138892,1
143171642,1
143172406,1
143172578,1
143173662,1
143173744,1
143268086,1
143279674,1
143302928,1
143348590,1
143382074,1
143529950,1
143529980,1
143783500,1
143785248,1
143829248,1
143859742,1
143909208,1
143981872,1
144124320,1
144142412,1
144203346,1
144203354,1
144293068,1
144386238,1
144387584,1
144388004,1
144388058,1
144388072,1
144388562,1
144390752,1
144392352,1
144393668,1
144445410,1
144446330,1
144456008,1
144527018,1
144545342,1
144572216,1
144572218,1
144572244,1
144655406,1
144792212,1
144844688,1
144948588,1
144948598,1
144949268,1
144949366,1
144958642,1
144983772,1
144985218,1
145084322,1
145139340,1
145160512,1
145370200,1
145370202,1
145429544,1
145429546,1
145432614,1
145433238,1
145437022,1
145501424,1
145501426,1
145501458,1
145501476,1
145504954,1
145522936,1
145524532,1
145532054,1
145555634,1
145559098,1
145613986,1
345319471,1
345406971,1
345857431,1
346047531,1
346111251,1
346457241,1
346460821,1
346468561,1
346578511,1
346723701,1
347084271,1
347278261,1
347376721,1
347385721,1
348202101,1
349385251,1
349658811,1
350171251,1
350171311,1
350423741,1
350428781,1
351583191,1
351594951,1
351595631,1
352862161,1
353050621,1
353130841,1
353210221,1
353210271,1
353483471,1
353602091,1
354054771,1
354054791,1
354073881,1
354165291,1
354497621,1
354918011,1
354918041,1
354918061,1
354918071,1
355246571,1
355604441,1
355690451,1
355724441,1
356904141,1
357037431,1
357083261,1
357083271,1
357105531,1
357426771,1
357431251,1
357548311,1
357738301,1
357740921,1
358746541,1
358920091,1
359312121,1
359615181,1
359786391,1
360436871,1
360607381,1
361103551,1
361171651,1
361171661,1
361291501,1
361345751,1
361402961,1
361474021,1
361648681,1
362333681,1
362777141,1
362795841,1
362871201,1
363542381,1
363542431,1
363542451,1
363542481,1
363542541,1
363809761,1
363834871,1
363930261,1
364172841,1
364957381,1
364957401,1
365123581,1
365464461,1
365745851,1
365750351,1
365750371,1
365936851,1
365994881,1
366297281,1
366297871,1
366297921,1
366300271,1
366409471,1
366740131,1
366850091,1
367550531,1
367790791,1
368385241,1
368392801,1
368529081,1
368700061,1
368714061,1
369108371,1
369184481,1
369184501,1
369397961,1
370862871,1
370990431,1
371182171,1
371182241,1
371500441,1
371521201,1
371627301,1
371629161,1
371654541,1
371790081,1
371958991,1
371978651,1
371980841,1
372552351,1
372601481,1
372601491,1
372740221,1
372740351,1
373046071,1
373063001,1
373219601,1
373232081,1
373362011,1
373531191,1
373557571,1
373595061,1
373686251,1
373732541,1
373732641,1
373989741,1
374051471,1
374174541,1
374616421,1
374681251,1
374737281,1
375437371,1
375461671,1
375689851,1
375689861,1
375689871,1
375689881,1
375727871,1
376386131,1
376465801,1
376480961,1
376583271,1
377343391,1
377464921,1
377718491,1
378113751,1
378113811,1
378114151,1
378796161,1
378796181,1
378796211,1
378947401,1
379004831,1
379095151,1
379692391,1
379731031,1
380272811,1
380490541,1
380503181,1
380536131,1
380537301,1
380684541,1
381206251,1
381222111,1
381335931,1
382149061,1
382235621,1
382272411,1
382358811,1
382428781,1
382428831,1
382657451,1
382987451,1
383552261,1
383561531,1
383681201,1
383849881,1
383873041,1
384076451,1
384717331,1
385097421,1
385136141,1
385167331,1
385499681,1
385524531,1
385974521,1
386286171,1
386539901,1
386767021,1
387677431,1
387921871,1
387921891,1
388570941,1
388726451,1
389342051,1
390249121,1
390514771,1
391439172,1
391727202,1
392225212,1
392355262,1
393116082,1
393157072,1
393240272,1
393335712,1
393446242,1
393460712,1
393460732,1
393798612,1
393894232,1
394080372,1
394692942,1
395273652,1
395326072,1
395664662,1
395664742,1
395865132,1
395930662,1
396127542,1
397047242,1
397083762,1
397141342,1
397141412,1
397344472,1
397348582,1
397634232,1
397729422,1
397746652,1
398364892,1
398792662,1
398926162,1
399023232,1
399084092,1
399837442,1
399864662,1
399885052,1
400313492,1
400900882,1
401245902,1
401282872,1
401393742,1
401555282,1
401769972,1
401791162,1
401794812,1
402932992,1
403074632,1
403520542,1
403533912,1
403738192,1
403869352,1
404517092,1
404667822,1
405129842,1
405255262,1
405508192,1
405992352,1
406028112,1
406296182,1
406355342,1
407106842,1
407106872,1
407141682,1
407673232,1
408510372,1
408868832,1
408868852,1
408868872,1
408868882,1
408868892,1
408868902,1
408868912,1
409166172,1
409173662,1
409403892,1
409473422,1
410304132,1
410492912,1
410495612,1
410960102,1
411051212,1
411109542,1
411675882,1
411675922,1
411784682,1
411784702,1
411884852,1
412359752,1
412507712,1
412545262,1
412545322,1
412545342,1
412546072,1
412546132,1
412814742,1
413490812,1
413746712,1
413829472,1
414088512,1
414631692,1
414634862,1
415493512,1
416053412,1
416328362,1
416864722,1
416939662,1
416942802,1
416955402,1
417131852,1
417195132,1
417544532,1
417565092,1
417682742,1
419134142,1
419144162,1
419827572,1
420355352,1
420781402,1
421630942,1
421788662,1
422130482,1
422130512,1
422130572,1
422196922,1
422214512,1
422423112,1
422438302,1
423029742,1
423222592,1
423222622,1
423222682,1
423745182,1
424257542,1
424258572,1
424597002,1
424800642,1
424911292,1
424997312,1
425012712,1
425604732,1
426050732,1
426217352,1
426245032,1
427414402,1
427935102,1
428558022,1
428966662,1
428974522,1
429036932,1
429341152,1
429974962,1
429974992,1
429975012,1
429975022,1
429975052,1
429975082,1
430256632,1
430280252,1
431492032,1
432957992,1
432992042,1
434472562,1
434591592,1
434591622,1
434591662,1
434680222,1
434740762,1
434924002,1
435306802,1
435477352,1
435477382,1
435477392,1
435477482,1
435511782,1
435525072,1
435922282,1
436109752,1
436141592,1
437193442,1
437535892,1
437569602,1
438850292,1
438866282,1
438868572,1
439324612,1
439800102,1
440248322,1
440599302,1
441050772,1
441470842,1
441818902,1
442513022,1
443024182,1
443873122,1
444333332,1
446701352,1
446721192,1
446992342,1
447098092,1
447928742,1
447942232,1
448124052,1
449200642,1
449537242,1
449699672,1
450100912,1
450365092,1
450365102,1
450365162,1
450485602,1
450730492,1
451169612,1
451254022,1
451666062,1
451680532,1
451825062,1
452224802,1
452730632,1
452736632,1
452882902,1
453014142,1
453398662,1
454041202,1
454285152,1
455366392,1
455366412,1
455366442,1
455366502,1
455743182,1
456011702,1
456076072,1
456379902,1
456913902,1
457086912,1
457490802,1
458531462,1
459106192,1
459197002,1
459830232,1
459955592,1
459988582,1
460276132,1
460396762,1
460566002,1
461393722,1
461704082,1
461704132,1
462500082,1
462849482,1
462942902,1
462946792,1
462946832,1
463026312,1
463084182,1
463377032,1
463394172,1
463768012,1
463794542,1
464094552,1
464226482,1
464341462,1
464419652,1
464920482,1
465666242,1
465748292,1
466414882,1
466655952,1
466856262,1
467205232,1
467652492,1
468103052,1
469512042,1
469598132,1
469600952,1
470152362,1
470161702,1
470287772,1
470606982,1
471750652,1
471847812,1
473248512,1
473745402,1
473784012,1
474043042,1
474651272,1
475164212,1
475164472,1
476138342,1
477910262,1
477966682,1
477966822,1
479801712,1
479824382,1
481416332,1
481476662,1
481510342,1
481510352,1
481510402,1
481930432,1
482172242,1
482172262,1
482681692,1
482843042,1
482986842,1
482990352,1
483247022,1
483848392,1
483916652,1
483989092,1
484240412,1
486414602,1
486533902,1
486717512,1
487063022,1
487333152,1
487381362,1
488399192,1
489012982,1
489708912,1
489709852,1
489727112,1
490057412,1
490712402,1
490965862,1
491058552,1
491382702,1
491446942,1
491649782,1
492150022,1
492370962,1
492687542,1
492897332,1
495978712,1
496113412,1
496289212,1
496545982,1
497152162,1
497306072,1
497306092,1
497354682,1
497415082,1
497479322,1
497479342,1
498130042,1
498218402,1
498218572,1
498218602,1
498291682,1
499632262,1
499985212,1
499994962,1
500084792,1
500400832,1
501041282,1
501142942,1
501718532,1
501756272,1
501981232,1
502733332,1
502746922,1
503598702,1
503999852,1
505204262,1
505534022,1
506206612,1
506991992,1
508371322,1
508544952,1
508546412,1
508635522,1
508635532,1
508815222,1
508946512,1
509138002,1
510287882,1
510515512,1
510736402,1
511037712,1
511069272,1
511840242,1
511840272,1
512056492,1
512494192,1
512995032,1
513360622,1
513376022,1
513469232,1
513579862,1
514409452,1
514438482,1
514453492,1
514872902,1
514930682,1
514951702,1
515035812,1
516225412,1
518405482,1
518466682,1
518483152,1
519068192,1
519342452,1
519797812,1
519797852,1
520148732,1
521302452,1
522175442,1
522178392,1
522269942,1
522271282,1
522622272,1
522622342,1
522640282,1
523019532,1
523474942,1
523474972,1
525343612,1
526044612,1
527894901,1
528587951,1
528684731,1
529195411,1
529239981,1
529272931,1
529581431,1
529896131,1
530338141,1
530502111,1
530695381,1
530917961,1
531213331,1
531758341,1
533609392,1
538113022,1
538381872,1
538989442,1
539496372,1
540179592,1
540512132,1
542335432,1
543131842,1
543882102,1
543934752,1
546820302,1
547159922,1
547531812,1
548188572,1
549810842,1
550232732,1
550782192,1
551577722,1
553055662,1
553056592,1
555930772,1
556377222,1
556377272,1
556377292,1
558528302,1
559211602,1
559297542,1
561756292,1
562701722,1
565423972,1
568381662,1
569704332,1
572770982,1
572867562,1
572941512,1
573304032,1
575916222,1
576320612,1
576851212,1
576851292,1
576851312,1
576870742,1
576870782,1
576870792,1
576963472,1
579496662,1
579935342,1
581202522,1
581410572,1
581958532,1
585301522,1
585595432,1
590612542,1
592368992,1
593705912,1
593707802,1
594317952,1
594724762,1
595074062,1
597654222,1
600107902,1
600107932,1
600108122,1
602442682,1
602947622,1
604448122,1
605447772,1
610847532,1
612186912,1
613598392,1
614756502,1
615017772,1
618578122,1
620288372,1
621302202,1
621314462,1
622149582,1
622491452,1
623008552,1
625522162,1
626499962,1
628330752,1
629841992,1
630279312,1
631694022,1
631752282,1
633064042,1
635615732,1
140857441,0
13832601,0
22716371,0
123411316,0
3155470,0
70422968,0
3100444,0
61008511,0
122927586,0
72332237,0
7583585,0
671270,0
61135083,0
129374494,0
78321315,0
13801836,0
73550709,0
33127611,0
107541560,0
419132682,0
507843602,0
907753,0
29706641,0
14880622,0
344940661,0
566760532,0
10235995,0
88209919,0
87370651,0
103051040,0
142433077,0
384722281,0
525340222,0
10187017,0
114154550,0
15064468,0
107820348,0
5404580,0
89760595,0
556755552,0
140339627,0
4320399,0
14629000,0
360750601,0
867061,0
403750212,0
62224966,0
543562892,0
2523554,0
68131360,0
77665386,0
586163072,0
2218392,0
126771857,0
3039828,0
12684747,0
2103498,0
404168602,0
389049091,0
425280722,0
142999656,0
106218088,0
459488732,0
441192492,0
88115171,0
41292391,0
5406700,0
419070242,0
110962250,0
16668470,0
142337019,0
17730674,0
2517700,0
107471428,0
125972437,0
7663131,0
732053,0
368705221,0
469393962,0
6304467,0
13158217,0
17135092,0
77383505,0
426112772,0
3824710,0
72370932,0
137796615,0
2640127,0
572387582,0
79380047,0
914258,0
602456642,0
76405431,0
76482268,0
13128250,0
507163092,0
583044,0
137016544,0
495635702,0
358684501,0
45544541,0
14738292,0
35088281,0
445236262,0
140930877,0
14987151,0
64194525,0
99427294,0
94488788,0
107543466,0
70079544,0
3158288,0
4299994,0
128337345,0
137818639,0
389541191,0
123520026,0
365371901,0
491340442,0
623216,0
14068709,0
2970032,0
400407142,0
15001091,0
396086152,0
362031241,0
101087562,0
533609242,0
124656376,0
907759,0
467150672,0
13166295,0
125288670,0
540048122,0
13792835,0
536421082,0
542825322,0
93535894,0
425892152,0
61286237,0
62072097,0
497152142,0
623891,0
13785146,0
3907337,0
410109552,0
13869734,0
80148716,0
144204692,0
141338791,0
105710130,0
412549722,0
69002438,0
13204940,0
460278552,0
74945352,0
62067423,0
349660441,0
74327007,0
74836024,0
94556450,0
1123885,0
73076104,0
5869370,0
144069452,0
67876811,0
61721869,0
412547912,0
61424046,0
84288353,0
3247787,0
18054578,0
358187311,0
77897300,0
465064602,0
618284,0
16642500,0
408015712,0
95112348,0
69190146,0
67155298,0
420902352,0
117115136,0
79875044,0
13133672,0
126502237,0
75297344,0
92548800,0
2500807,0
2289811,0
408721752,0
138779447,0
104011160,0
61677848,0
138546011,0
72924915,0
2264738,0
370682791,0
66190261,0
84669123,0
137238472,0
96458560,0
455775202,0
71762927,0
580706402,0
57879981,0
3905670,0
414907222,0
345417731,0
5094396,0
145703484,0
13651709,0
120238626,0
2238145,0
4086676,0
487057472,0
3099838,0
100785110,0
361484121,0
616034222,0
503269732,0
431649352,0
552205872,0
513155272,0
912039,0
390544641,0
370911841,0
2295258,0
3167846,0
3360620,0
449840722,0
117301206,0
66544598,0
3905636,0
62165240,0
124732164,0
99332222,0
14647478,0
118830874,0
15586302,0
1576709,0
7735459,0
131116994,0
87684383,0
120036840,0
1885522,0
114438276,0
367846811,0
622727242,0
4189317,0
107346370,0
112662280,0
71155671,0
125778785,0
107184118,0
138305255,0
1182050,0
7674891,0
76376882,0
67231606,0
373892511,0
121508970,0
15077634,0
912481,0
92731220,0
3156853,0
139763655,0
27999681,0
82917942,0
403379782,0
369312271,0
140853319,0
99625806,0
98755226,0
460294002,0
549557822,0
14130934,0
4563484,0
49532111,0
118189466,0
418812722,0
3210572,0
134384408,0
139807259,0
140343535,0
13547720,0
87186229,0
68788721,0
5472094,0
75678523,0
14924893,0
1112266,0
2630727,0
9434372,0
132629150,0
46694251,0
6945268,0
434503632,0
68264403,0
14954128,0
84379867,0
13128737,0
429292002,0
67317484,0
98371642,0
11133263,0
5169810,0
75458391,0
101204104,0
561856872,0
4160832,0
133683922,0
501777192,0
115746250,0
17099646,0
467664112,0
3099002,0
114802820,0
286183,0
64848675,0
427607542,0
17451533,0
427860762,0
69217047,0
79587584,0
88903445,0
72306650,0
10427274,0
16036038,0
76686869,0
97803020,0
120001912,0
105865974,0
433928332,0
70386382,0
539465292,0
8086843,0
72127854,0
82182002,0
91855112,0
832787,0
477338022,0
86401371,0
994496,0
83847392,0
3978859,0
627132372,0
122703248,0
594882932,0
74494734,0
12756253,0
354045801,0
105448750,0
73266425,0
286434,0
485054712,0
1025577,0
450906322,0
120989056,0
66276432,0
77994741,0
451527652,0
11270302,0
117114704,0
132950106,0
2630775,0
100338178,0
73619002,0
109639606,0
62964021,0
63023257,0
412067282,0
446721262,0
908951,0
3028628,0
539057,0
503134172,0
13464245,0
410107142,0
133124838,0
75244200,0
4602452,0
630595032,0
69335801,0
2103588,0
347301261,0
71594264,0
397748652,0
84842521,0
62452796,0
351595771,0
93875958,0
1152028,0
421615972,0
411598242,0
56167551,0
353595051,0
14876844,0
144572232,0
497160082,0
7275455,0
144665838,0
135405482,0
384171431,0
460476062,0
61286238,0
120307594,0
1103109,0
7721562,0
689481,0
93029240,0
416700362,0
60784398,0
86788941,0
126846613,0
910341,0
65445457,0
81363350,0
417850062,0
117280652,0
430719982,0
744280,0
125972255,0
680117,0
463686172,0
431467542,0
3092637,0
83116660,0
134388798,0
136336546,0
562758212,0
67549374,0
370221671,0
3130736,0
133204800,0
485228852,0
2423902,0
3093990,0
493828832,0
351537711,0
356673641,0
485629922,0
594992432,0
378184651,0
77379806,0
128743099,0
56143311,0
561856412,0
2300179,0
361065291,0
369222481,0
7270236,0
142349167,0
61005809,0
448079612,0
74802947,0
17451555,0
143533294,0
15177199,0
539015082,0
103109870,0
2496730,0
82173128,0
572819572,0
401620392,0
2813982,0
542866322,0
594387812,0
62724016,0
407188002,0
559662652,0
80714980,0
78951583,0
97026614,0
549555292,0
569166562,0
3586842,0
101636951,0
2412065,0
71828725,0
532547,0
372922431,0
371625811,0
136679420,0
424021182,0
106987064,0
4223957,0
3129687,0
2170815,0
514438492,0
23402981,0
517538252,0
134301270,0
86708779,0
527369381,0
540955932,0
1172856,0
619766,0
69552397,0
411607052,0
534012482,0
5975001,0
131777280,0
74191351,0
471590212,0
136864898,0
65732140,0
56340751,0
520042692,0
63024007,0
87172883,0
94310178,0
2221576,0
142542521,0
71892517,0
123803086,0
373679031,0
403639662,0
3601574,0
144341480,0
447098082,0
67892392,0
1102534,0
113420718,0
433162702,0
74928899,0
53833001,0
392771942,0
7523456,0
105158798,0
74872225,0
85951207,0
16150100,0
2315240,0
675077,0
114264054,0
350035651,0
831546,0
136338624,0
406401352,0
4190300,0
511038142,0
60827150,0
94676704,0
471410742,0
73218720,0
135154058,0
535479592,0
16204588,0
118183618,0
73810149,0
497488622,0
631629412,0
72331295,0
11671201,0
409680222,0
505115482,0
112656032,0
888116,0
490327312,0
513645682,0
81768478,0
70079766,0
949462,0
85920935,0
400419002,0
541852,0
3785104,0
370989551,0
365149751,0
134527712,0
4952901,0
1433366,0
84791839,0
462729382,0
2602632,0
546594,0
72004951,0
72823069,0
1184367,0
144388354,0
565255382,0
132159976,0
609385,0
1177112,0
514968582,0
144385566,0
529117901,0
3664988,0
609381,0
7632983,0
374283241,0
480183102,0
75168288,0
2256915,0
94274666,0
379010021,0
72759956,0
579366122,0
14486204,0
815330,0
145327150,0
14211038,0
619102802,0
62743214,0
10154590,0
65396709,0
913693,0
144990176,0
17684787,0
115749644,0
554992962,0
574741,0
124262672,0
124990740,0
393176572,0
7275454,0
90428591,0
79418131,0
66698107,0
25640421,0
65930773,0
10322425,0
743689,0
14525085,0
137833941,0
5275616,0
122539400,0
555749,0
65626300,0
403064182,0
535373,0
73913951,0
562134292,0
75957988,0
4588210,0
9434373,0
84764291,0
5420473,0
1076432,0
2525862,0
638409,0
5179703,0
362577211,0
882244,0
90318205,0
395320412,0
469283072,0
10107272,0
10584129,0
4624027,0
7760348,0
108732598,0
10197483,0
5903071,0
70640492,0
616416,0
64462238,0
66275102,0
142034935,0
263296,0
553807,0
111780310,0
75063691,0
460570702,0
347830101,0
69470466,0
79824418,0
5404441,0
96532560,0
457151022,0
65768153,0
542186022,0
368993391,0
68112841,0
460182692,0
75833533,0
115029062,0
12566346,0
7408110,0
66839180,0
76438206,0
2187335,0
92534314,0
13100200,0
1251006,0
119205668,0
532757872,0
493108642,0
98068082,0
2226960,0
454265882,0
914493,0
834370,0
81201782,0
4311363,0
514968602,0
6574223,0
61094296,0
493955552,0
87770975,0
125043006,0
2438249,0
346706701,0
389635791,0
78562697,0
144849332,0
103295462,0
2483213,0
74628106,0
109170920,0
54106961,0
5406703,0
102341022,0
133103668,0
69355590,0
93525928,0
94978596,0
590464912,0
60741575,0
351669361,0
3845626,0
14477354,0
10686129,0
575061392,0
72420922,0
13779063,0
511779532,0
883643,0
109562018,0
4727551,0
123229724,0
76214374,0
85484810,0
92871184,0
984800,0
2304526,0
16418256,0
468138272,0
525063662,0
17258746,0
6180078,0
706055,0
91934732,0
468523162,0
17607001,0
30297481,0
558774,0
374339871,0
14552296,0
492366922,0
392771862,0
97455424,0
591992182,0
599964832,0
3932603,0
3366545,0
473976262,0
502364062,0
76809763,0
15962407,0
122438396,0
2953526,0
83943973,0
80005358,0
13727864,0
61346253,0
431467412,0
511062522,0
461988602,0
509569042,0
497358502,0
71429660,0
2591094,0
531447301,0
118585010,0
29373661,0
530338071,0
73812556,0
89860925,0
4197799,0
525939,0
1579605,0
98436450,0
7375567,0
366456451,0
931699,0
85963063,0
414880962,0
14211330,0
2320098,0
6467376,0
81040214,0
364037621,0
2253979,0
463054912,0
549918,0
13072988,0
71171835,0
533981912,0
7667057,0
119872086,0
14993631,0
911678,0
118731456,0
363750231,0
62978141,0
892928,0
109701560,0
75057000,0
886654,0
141011827,0
7119842,0
3747667,0
3179929,0
556206122,0
62496773,0
11080219,0
115705678,0
132635814,0
106590310,0
101215852,0
506276172,0
476245352,0
496600062,0
5743495,0
16293862,0
35781241,0
906577,0
96822874,0
71078417,0
128590769,0
74295443,0
11518994,0
63357945,0
4637224,0
82025260,0
77913401,0
65356224,0
72371358,0
495853712,0
514852262,0
3164709,0
110148950,0
423222552,0
372939291,0
62082980,0
434713132,0
583079832,0
552386,0
73393650,0
70274258,0
72547070,0
588077,0
71397363,0
64076812,0
1176418,0
367389871,0
142520349,0
676951,0
9938661,0
420845522,0
107221276,0
519968052,0
16853816,0
450926262,0
104703726,0
70894019,0
7322979,0
95245794,0
131869054,0
89318227,0
16569071,0
979041,0
2640448,0
623060,0
80908514,0
18418871,0
61016508,0
103016792,0
1109734,0
503169152,0
867185,0
45000741,0
60833054,0
567048522,0
98834008,0
136404342,0
134803202,0
128548959,0
547577922,0
12655860,0
69964805,0
403700922,0
366453961,0
92399530,0
690032,0
78176979,0
6100061,0
497736992,0
1579275,0
376333681,0
475673372,0
17477078,0
71549405,0
7282591,0
2171504,0
538099222,0
124220626,0
113514684,0
11897620,0
105579764,0
388715181,0
473695732,0
870660,0
82133116,0
67527683,0
88725387,0
98146002,0
491446902,0
5545299,0
957318,0
129632344,0
19446601,0
16418222,0
379826501,0
24982751,0
13164792,0
80636624,0
509041232,0
6920602,0
7533122,0
123072230,0
129387018,0
7885628,0
65227254,0
123598554,0
136864632,0
3130521,0
386200651,0
606580802,0
541012,0
18858801,0
292018,0
61309065,0
392153872,0
365701921,0
88806943,0
85918481,0
952781,0
4289176,0
13471100,0
3599383,0
85047868,0
403459412,0
130602214,0
3129588,0
413413872,0
76391449,0
3092826,0
7035104,0
94535892,0
351461141,0
353108611,0
512682042,0
119456818,0
109520170,0
581935,0
392347532,0
1221719,0
69122692,0
66221585,0
359414281,0
66750409,0
118364656,0
141850669,0
604029,0
90624085,0
3826694,0
10018168,0
13921103,0
2423416,0
432108722,0
7624175,0
504135772,0
4286053,0
566473562,0
392180982,0
2125122,0
383740711,0
477944152,0
3765330,0
346434691,0
881412,0
66634501,0
99105104,0
89125309,0
5959215,0
2686266,0
263416,0
29806161,0
17193027,0
3499310,0
382030901,0
70368139,0
12292198,0
410045032,0
3129785,0
2233196,0
115709380,0
13242020,0
96731122,0
17605702,0
3109098,0
71137159,0
131519448,0
71955252,0
16335464,0
3361390,0
78541901,0
77468108,0
978912,0
53825191,0
508370402,0
115710942,0
1141683,0
16705448,0
10236000,0
113078604,0
84992259,0
534574,0
492471652,0
560952012,0
66934579,0
140870983,0
4198570,0
92719902,0
55613381,0
612980242,0
113516122,0
1104683,0
91403696,0
18089449,0
65657429,0
3996786,0
415837992,0
1143906,0
507148102,0
71299831,0
953278,0
613642,0
5968808,0
4217752,0
95254422,0
405314952,0
7332590,0
94727046,0
14164429,0
144398304,0
70833746,0
461186492,0
5902141,0
106380372,0
424565282,0
350019281,0
4088265,0
141939699,0
362957331,0
90630687,0
63529582,0
94360322,0
104793128,0
1157439,0
97615912,0
459977242,0
89905473,0
5479441,0
470103692,0
144792210,0
95697828,0
4586924,0
18205230,0
497502032,0
85538490,0
76677960,0
131351308,0
411447902,0
20427841,0
89890085,0
3923925,0
510638662,0
986029,0
64074720,0
71529025,0
1179383,0
133102728,0
86657203,0
596023,0
452140382,0
66764789,0
1609385,0
605966,0
4468054,0
455528682,0
97639636,0
5404427,0
1140665,0
4209649,0
61637483,0
405503712,0
515971512,0
547537,0
138546817,0
103917286,0
378666081,0
372299501,0
417374772,0
125307456,0
68849240,0
141252137,0
344467051,0
103249416,0
78532668,0
90248139,0
83385596,0
145501466,0
452827522,0
80617960,0
142337225,0
3886151,0
141509843,0
90563085,0
3117869,0
107346388,0
70333879,0
125922555,0
3203370,0
66379617,0
385049491,0
3142052,0
431467612,0
77486306,0
7562978,0
885876,0
72047897,0
38427441,0
398428062,0
532873,0
66318860,0
87335271,0
538082032,0
55012931,0
85496034,0
621375402,0
599309,0
522321382,0
88093189,0
78369389,0
14552280,0
61723293,0
125534382,0
72717414,0
3530218,0
17724210,0
9436837,0
62548480,0
15407629,0
62351531,0
407643962,0
69481225,0
423599512,0
7226128,0
69969034,0
143980210,0
16235816,0
134036200,0
22716471,0
409052792,0
12345247,0
541334782,0
100515110,0
61700778,0
2813992,0
80870286,0
880679,0
379742071,0
78243020,0
68919306,0
89845467,0
63403877,0
68075512,0
106770346,0
25880091,0
136371776,0
5065375,0
350720621,0
79598884,0
144572234,0
9997030,0
3157616,0
126542791,0
58201441,0
123242384,0
368713981,0
441710312,0
13853488,0
116485566,0
2925107,0
437146502,0
85404248,0
102514586,0
569935372,0
608163342,0
60868716,0
65356298,0
96378942,0
86036119,0
13569303,0
13165731,0
585584062,0
428931752,0
136235472,0
7526273,0
7624155,0
2963248,0
429003992,0
98890726,0
136283586,0
910026,0
483553832,0
75987051,0
6943127,0
78176708,0
72047893,0
12901206,0
367735841,0
134533176,0
498598212,0
364915591,0
12345384,0
30516961,0
141627505,0
25576481,0
140295919,0
447953852,0
107811124,0
70428484,0
63472152,0
83890421,0
139787521,0
14574266,0
597769702,0
120684682,0
3969535,0
98354514,0
1090084,0
489393822,0
1984314,0
78538602,0
116655862,0
10446169,0
426047952,0
121254876,0
129703894,0
552416,0
922194,0
65049660,0
56725621,0
17946332,0
471973852,0
72521506,0
96258022,0
16927143,0
493100512,0
71668245,0
98485036,0
69465865,0
534508,0
616990162,0
475037532,0
91018663,0
13539734,0
91400138,0
1436163,0
62680833,0
101235216,0
85381880,0
138228039,0
75972948,0
143783686,0
612118522,0
365319771,0
437811652,0
79363453,0
135010096,0
450953422,0
107541568,0
18091662,0
401062312,0
502108732,0
27683401,0
83928733,0
4688230,0
4708087,0
378878131,0
77483775,0
124183416,0
79502286,0
3118577,0
17684074,0
104017238,0
105052488,0
2907913,0
132214842,0
68628123,0
63357975,0
64529635,0
450984452,0
65566887,0
68515278,0
67446407,0
2930740,0
134546947,0
15488969,0
502782622,0
71999726,0
13842008,0
71830187,0
71725043,0
431375542,0
536421122,0
72787748,0
494866052,0
495875862,0
93638362,0
114395830,0
13204939,0
2607672,0
142750008,0
128550355,0
12648940,0
97232402,0
13789085,0
7562986,0
7438413,0
360671451,0
130483478,0
13247451,0
7292429,0
4162085,0
2920481,0
461988592,0
474590642,0
127708797,0
107690728,0
107265664,0
65176077,0
5079146,0
987553,0
387278741,0
2851822,0
5404606,0
11510817,0
397305902,0
78304442,0
128547985,0
53075011,0
4167841,0
8081934,0
70728645,0
441334922,0
61419261,0
2503274,0
468326752,0
347134221,0
63303016,0
935359,0
75277322,0
61999252,0
100197450,0
17612758,0
367555621,0
86425349,0
101047546,0
98812948,0
442376412,0
63456074,0
144959000,0
6795508,0
434871222,0
15425524,0
64935415,0
550340612,0
68849301,0
78176984,0
62512442,0
86917101,0
2651704,0
66404565,0
64300892,0
106746752,0
109843288,0
145376116,0
344764251,0
99513264,0
87391171,0
62028342,0
2248420,0
4603175,0
102561040,0
391690022,0
115748392,0
4315384,0
80714580,0
84852947,0
66027693,0
526395492,0
881861,0
3788310,0
3060873,0
616876632,0
133177372,0
100068966,0
69608255,0
15437784,0
12343155,0
605897,0
415188882,0
63103296,0
144751952,0
65788123,0
82751118,0
1023987,0
61515086,0
91885714,0
522185792,0
103984618,0
545272452,0
448779722,0
96438278,0
37027901,0
58705101,0
352061291,0
1123670,0
106770348,0
77434140,0
7812630,0
430951502,0
62843565,0
12815703,0
35357851,0
4602455,0
122358014,0
393496822,0
17490403,0
66960113,0
79587420,0
382475951,0
1017138,0
62376277,0
554359382,0
476190512,0
136130600,0
109326856,0
72333843,0
128182005,0
940355,0
72060057,0
398493072,0
135869432,0
66393511,0
101467454,0
570650,0
545354022,0
72160314,0
918048,0
384010871,0
563929,0
73517700,0
5817089,0
468691792,0
61692426,0
578378,0
572151602,0
450993172,0
106554714,0
3355957,0
7646637,0
29367551,0
371988521,0
67175904,0
412387602,0
2577952,0
144940636,0
412547932,0
38432461,0
12317340,0
105359878,0
87172431,0
133513680,0
18091659,0
124701802,0
4207595,0
53852471,0
2954705,0
135026572,0
534686982,0
139102115,0
2417163,0
4302759,0
107742788,0
15645262,0
84100217,0
19002701,0
473096252,0
131653784,0
120769814,0
9793347,0
373297871,0
60904572,0
83938195,0
660754,0
13173832,0
463406222,0
14104638,0
78614498,0
78176965,0
4074658,0
404344742,0
3851861,0
69018087,0
101050160,0
116945202,0
7675064,0
883072,0
103284552,0
107028550,0
3122974,0
79416979,0
67943567,0
448002542,0
120306716,0
77383922,0
68765122,0
389736261,0
351510251,0
69136290,0
498386892,0
906574,0
143291698,0
90293313,0
2947210,0
504841282,0
504159542,0
123708630,0
460222932,0
70386453,0
1576121,0
429125262,0
128547189,0
99765778,0
98729950,0
3166455,0
17607181,0
7450899,0
391669582,0
403699772,0
789221,0
87862869,0
89239759,0
404700022,0
98039474,0
126574521,0
109517606,0
576740912,0
116929430,0
62126185,0
3928642,0
452140392,0
145501356,0
14405200,0
12292202,0
61109754,0
5094211,0
2967722,0
347826111,0
12744686,0
37181081,0
91934822,0
89874967,0
12950600,0
348260741,0
17330209,0
2514781,0
1087190,0
83059222,0
121648250,0
61573280,0
357727311,0
2114514,0
121921386,0
91575206,0
102025603,0
107691298,0
2193451,0
137728127,0
15986025,0
78055912,0
16412330,0
136332800,0
129891076,0
616218132,0
142701952,0
84600859,0
18089485,0
140721791,0
71668207,0
6812365,0
12700085,0
457302302,0
92545780,0
75871067,0
70640867,0
885603,0
663240,0
72090056,0
2229663,0
76262536,0
138738713,0
6600680,0
473506872,0
7314582,0
69000284,0
498142052,0
13779057,0
428849902,0
363815421,0
68097789,0
6521119,0
4253436,0
3576510,0
66553426,0
349710291,0
569715492,0
535913002,0
130416864,0
3427288,0
14299596,0
73943284,0
12565424,0
78278597,0
70322142,0
2520232,0
134448848,0
23161191,0
84763747,0
88845911,0
40078031,0
878488,0
907768,0
349705791,0
64699113,0
4895398,0
397729442,0
636224,0
113418526,0
126608395,0
78238355,0
78016628,0
103052884,0
123607618,0
7245974,0
3763276,0
135791846,0
118807480,0
76539677,0
69113298,0
14955987,0
452663722,0
71483074,0
351839171,0
77457208,0
2498746,0
384962821,0
621448142,0
66897639,0
15489767,0
128333637,0
3158800,0
3091911,0
84737111,0
3129788,0
485702982,0
494311772,0
68648494,0
13304453,0
137496504,0
5663023,0
6624021,0
88328669,0
507314252,0
136623198,0
76101968,0
606880172,0
486800162,0
136339990,0
76391447,0
395726292,0
66477746,0
136886980,0
17691817,0
1121618,0
42840911,0
85508318,0
5975543,0
94935142,0
367879731,0
507755552,0
506193722,0
376283711,0
143060456,0
111772878,0
2960714,0
137760083,0
451002612,0
448212922,0
14464634,0
14639968,0
109500884,0
493857252,0
2517433,0
145052236,0
6082070,0
3238675,0
62439059,0
907864,0
129311556,0
579934782,0
90891045,0
83742540,0
120419698,0
56890351,0
135466552,0
532968192,0
3140142,0
6922485,0
967006,0
101765073,0
11708671,0
566207,0
105286408,0
27099151,0
134033198,0
83844574,0
59943071,0
542337452,0
66929769,0
3584148,0
6907036,0
412387592,0
70338816,0
36004671,0
487049982,0
3819055,0
385892831,0
582280,0
126761915,0
3356784,0
69241456,0
130414902,0
520412622,0
69552379,0
93312206,0
137253838,0
135997890,0
27542571,0
79869406,0
962507,0
81211246,0
16031484,0
17615563,0
539703,0
80206914,0
65227240,0
13129397,0
95245802,0
628266,0
13651716,0
2530864,0
486928932,0
546875622,0
369397911,0
90661173,0
472898492,0
90214703,0
10287232,0
370532161,0
69743415,0
76985015,0
992131,0
541010,0
116440558,0
4773182,0
607791162,0
375627471,0
117106932,0
14720167,0
99472150,0
489119052,0
70403441,0
69207464,0
6657431,0
3579013,0
89721957,0
100879704,0
441117632,0
546233492,0
70099213,0
355551341,0
63264136,0
131751018,0
435906472,0
2514692,0
60752236,0
791991,0
70776350,0
859345,0
66685324,0
137991707,0
483557582,0
70562475,0
13543092,0
88374953,0
129131024,0
395500832,0
486189202,0
128105475,0
13529565,0
4618972,0
355130551,0
953676,0
1186668,0
136336124,0
106746748,0
74831873,0
546810992,0
3913749,0
3138729,0
6986083,0
569166732,0
4765756,0
4247272,0
1025921,0
660828,0
136336000,0
394026842,0
442312182,0
3469516,0
1113002,0
382428801,0
451171262,0
2184624,0
104984932,0
36757911,0
66027773,0
561856352,0
133505488,0
3614465,0
960539,0
119048084,0
537726532,0
69541768,0
92598460,0
401840272,0
5840766,0
3152612,0
23712641,0
117376888,0
74173003,0
105555574,0
385049461,0
15439785,0
123940422,0
90248133,0
99689634,0
396593792,0
135385808,0
86124979,0
111052058,0
115045854,0
603377452,0
398155452,0
97022212,0
87458199,0
143178668,0
102429064,0
461902532,0
1119020,0
3287768,0
10114230,0
348916441,0
91543350,0
32936091,0
142415459,0
507913792,0
4952899,0
5403373,0
506372052,0
870857,0
72840677,0
560375,0
497216922,0
557596682,0
480089612,0
371954041,0
14405019,0
94173650,0
16552600,0
935739,0
17827566,0
462128032,0
4229766,0
13544743,0
2556778,0
391369572,0
356829771,0
79054465,0
3102141,0
126217113,0
503084842,0
107007308,0
17690837,0
73064468,0
380495231,0
732907,0
139404757,0
293192,0
73565704,0
107743716,0
479021232,0
90221449,0
415561492,0
137324812,0
84791741,0
3104490,0
75147406,0
67968314,0
448467662,0
91384216,0
415238512,0
598081672,0
5617079,0
83943985,0
131605168,0
109169076,0
424727452,0
92722988,0
620518962,0
355398571,0
10500352,0
122133856,0
516944382,0
64821459,0
577804442,0
123785646,0
99126312,0
498140222,0
3135287,0
97311892,0
412381252,0
84268197,0
3539171,0
1436183,0
92082644,0
96485340,0
1576101,0
403700892,0
416521872,0
139873885,0
18041287,0
382379261,0
993633,0
13431971,0
611354,0
686786,0
580452,0
351176391,0
75526546,0
84668849,0
4388108,0
723563,0
8656462,0
102936636,0
75668705,0
104011170,0
3402413,0
1117105,0
142288965,0
68947757,0
378316061,0
944013,0
15455604,0
387610661,0
66808046,0
6295905,0
82193316,0
74602299,0
121596654,0
127673063,0
132012576,0
94535896,0
82179544,0
129568044,0
118183730,0
74249937,0
10446565,0
101805767,0
138046251,0
137724275,0
593627502,0
404699982,0
140813727,0
543713102,0
15408614,0
31057961,0
905690,0
6407193,0
67511669,0
366441431,0
122685758,0
2112359,0
127248319,0
129311554,0
3130431,0
543896672,0
133098768,0
16711145,0
68337906,0
95726524,0
68153261,0
457266382,0
15211178,0
71668226,0
5404443,0
457466392,0
69648365,0
778429,0
4225037,0
459297912,0
15586288,0
143401584,0
411556032,0
80698408,0
106135378,0
572570012,0
331527911,0
123119324,0
102659132,0
2793756,0
13988459,0
99359996,0
27532481,0
121925284,0
630565932,0
725254,0
90408869,0
61442923,0
67944036,0
100947978,0
469278392,0
572996452,0
142704136,0
89629795,0
6442506,0
68113957,0
8146779,0
11289088,0
63006384,0
131182480,0
664444,0
370599341,0
131998458,0
545235612,0
84382633,0
71886494,0
1133313,0
349922221,0
65036877,0
27569811,0
70386463,0
16108222,0
94833096,0
433217682,0
3138442,0
1044135,0
13018695,0
71484423,0
412628532,0
2120789,0
68452589,0
7868872,0
66329031,0
6123964,0
994489,0
7764688,0
3119621,0
79524054,0
7332935,0
123341274,0
432523672,0
43340241,0
142433059,0
3366218,0
3154047,0
69796427,0
17347979,0
16433496,0
402757442,0
2283145,0
1093568,0
74619676,0
417767122,0
495553612,0
145501488,0
65445749,0
61308204,0
88846251,0
416199812,0
8131374,0
263330,0
18051279,0
1176439,0
111778212,0
113788304,0
916829,0
69959806,0
747231,0
145528006,0
2162265,0
3254821,0
60702996,0
557634,0
13719954,0
10351591,0
98754360,0
114282144,0
140813709,0
3135139,0
33898291,0
85504208,0
76734209,0
44218121,0
114518966,0
383166311,0
2509817,0
26203531,0
61593865,0
74452096,0
77395467,0
137818627,0
639467642,0
136404356,0
126608687,0
13793054,0
366391121,0
7878391,0
132634792,0
4710920,0
77043449,0
89125337,0
427379142,0
419526762,0
70051869,0
17868349,0
102242728,0
390213181,0
3501649,0
139872789,0
481479392,0
87675819,0
75541072,0
359812851,0
75800616,0
10107866,0
597856,0
901074,0
66887909,0
550321,0
7718552,0
580796332,0
611805762,0
20191631,0
388958021,0
347015791,0
3112220,0
4640030,0
122932962,0
580972882,0
141948069,0
3669343,0
3616240,0
75680583,0
38206341,0
85508154,0
42537161,0
116899964,0
546875602,0
13507935,0
539289942,0
77434144,0
7164311,0
92213464,0
7667264,0
70206831,0
112439970,0
70776343,0
602339,0
2921477,0
478918562,0
86541423,0
76430139,0
706144,0
141340373,0
422214572,0
439484882,0
3092618,0
35096731,0
355955421,0
3765178,0
906597,0
11472478,0
81090704,0
10101814,0
17258767,0
144258988,0
121930986,0
5105213,0
913690,0
75770210,0
112880858,0
109701552,0
3129747,0
394886412,0
991387,0
623493372,0
664440,0
4763577,0
7674865,0
11747945,0
66027696,0
983847,0
369181911,0
383166281,0
62247529,0
63049355,0
82440224,0
69001860,0
88007489,0
14031424,0
13131863,0
76101643,0
126379109,0
466395042,0
107351022,0
143004092,0
507709192,0
461012632,0
77019569,0
475013082,0
468407512,0
141680517,0
84883733,0
95961294,0
434503512,0
106746764,0
141483849,0
1111794,0
2551691,0
3434116,0
76349788,0
4463636,0
6686072,0
466896982,0
481510362,0
94771334,0
14574292,0
17811021,0
6100903,0
7868860,0
114119050,0
56893391,0
381206061,0
132137396,0
785192,0
17610393,0
552383,0
556146242,0
1163763,0
3530724,0
384667451,0
2813167,0
64807214,0
3232684,0
10260077,0
95384032,0
535487132,0
7011719,0
105586764,0
18089493,0
377261671,0
500841552,0
62664234,0
503882942,0
81918118,0
134524044,0
428974632,0
103875654,0
367505291,0
4967955,0
60886271,0
3010217,0
72101120,0
131980080,0
514446502,0
4097362,0
956507,0
422202592,0
143401566,0
97849858,0
2159812,0
83235568,0
127374429,0
583217622,0
432419412,0
64529634,0
7314604,0
530896711,0
442235652,0
60774734,0
142650880,0
125243282,0
454260442,0
438870962,0
67649267,0
62724013,0
4123072,0
1161006,0
141822277,0
99692844,0
423269202,0
387812941,0
430415282,0
84721829,0
724829,0
518989582,0
564412822,0
69552373,0
877407,0
473983892,0
484457962,0
354045741,0
596680482,0
76154184,0
127805207,0
15551142,0
2430327,0
122927604,0
95619750,0
132417732,0
129636054,0
15540460,0
41097831,0
64965805,0
4668437,0
17329823,0
935732,0
882296,0
413413822,0
115280144,0
517215262,0
121595556,0
591670672,0
569423912,0
623697802,0
6720549,0
17390869,0
71905150,0
124600548,0
420845932,0
87507191,0
34625481,0
407643942,0
361301021,0
448082952,0
138547221,0
94495664,0
3886179,0
120355578,0
135849450,0
96014384,0
344743121,0
2182450,0
552772662,0
124994934,0
3145739,0
485628042,0
90318189,0
69318955,0
143784346,0
132017870,0
13316553,0
61723062,0
102907134,0
123886746,0
11272651,0
2285900,0
423000452,0
479575512,0
129311544,0
917233,0
412184692,0
72398845,0
534994292,0
83923611,0
17449368,0
2671544,0
95435488,0
42876501,0
37712701,0
76232288,0
13651704,0
564498,0
83806304,0
781018,0
20343861,0
106521338,0
749546,0
131737554,0
496255412,0
15512644,0
3432277,0
7245912,0
390213201,0
99976974,0
12018109,0
141812731,0
14932045,0
405201102,0
522180162,0
476195222,0
541999,0
69420264,0
581264832,0
17440767,0
569200582,0
3154676,0
95583204,0
414758852,0
65312320,0
368882211,0
136292502,0
44990121,0
1164242,0
113867918,0
118489506,0
76391450,0
906586,0
458657202,0
125866317,0
1392251,0
14175534,0
76738734,0
1174609,0
87396805,0
137818541,0
2934751,0
145000990,0
413749922,0
512555292,0
84668451,0
118190404,0
101034150,0
97786918,0
945217,0
13639423,0
43815451,0
542470712,0
556779102,0
504468012,0
1170312,0
12347245,0
17461527,0
94556454,0
135870570,0
384157651,0
56893451,0
6583365,0
109704460,0
62351303,0
357173301,0
379048611,0
138128483,0
142699226,0
32332731,0
136216136,0
91785626,0
368584901,0
119364388,0
30350711,0
420845422,0
3157463,0
84158763,0
126844203,0
68095466,0
69739109,0
140722873,0
543528772,0
523562712,0
6172894,0
548054732,0
120731904,0
569294352,0
130609320,0
125078662,0
33720281,0
92872156,0
412543032,0
443060772,0
110955792,0
444396662,0
143073004,0
345153471,0
136272460,0
61490580,0
4217508,0
143954172,0
346687011,0
83127258,0
3138730,0
769993,0
560951832,0
80874214,0
65720750,0
62968711,0
75834078,0
465078052,0
76705249,0
5495627,0
621263182,0
82750252,0
2432858,0
371739321,0
73064043,0
435030192,0
608410262,0
5169792,0
470481872,0
4096719,0
476927802,0
90214699,0
348217441,0
3167611,0
2315252,0
54340841,0
2577958,0
17258766,0
84911323,0
480569842,0
367614251,0
82525212,0
137727921,0
353001641,0
315613,0
74830758,0
526909832,0
567092002,0
140285695,0
577047592,0
6745596,0
106313576,0
2743916,0
91018387,0
10263647,0
998635,0
13241115,0
119033876,0
72688336,0
97868042,0
73460578,0
62715071,0
77740843,0
404310102,0
481569762,0
576857322,0
111778724,0
97956118,0
420862012,0
376781251,0
1175274,0
523332,0
93011276,0
118184426,0
373440781,0
135835808,0
117664520,0
141453073,0
81364058,0
65235646,0
371954231,0
542820012,0
121953952,0
354703401,0
92601004,0
135373102,0
80600850,0
144387998,0
393662892,0
13144433,0
506916952,0
95966370,0
15093502,0
114138690,0
7272292,0
53825251,0
545354142,0
66724901,0
104437184,0
77235395,0
7321711,0
531249521,0
40483211,0
69159277,0
456955642,0
107338452,0
141467499,0
580705342,0
13982008,0
89538843,0
140634277,0
62376288,0
85014217,0
488547322,0
69552435,0
10313067,0
135555950,0
5093618,0
75670531,0
3570722,0
497796662,0
61637449,0
15593563,0
464436572,0
143661554,0
60688255,0
2310085,0
87505221,0
415561372,0
65173874,0
70728888,0
67842009,0
429903482,0
61820558,0
401788522,0
3111895,0
664437,0
63929221,0
994636,0
362722511,0
729113,0
354067221,0
73025475,0
13167075,0
72273850,0
86722929,0
1563536,0
3114368,0
39940921,0
629574,0
88486707,0
4230037,0
80001920,0
514852012,0
138546013,0
13020396,0
391361662,0
78293115,0
97801232,0
435175452,0
526091832,0
439349552,0
390895151,0
26661891,0
82410872,0
60831486,0
141159339,0
508378752,0
134648274,0
68070181,0
535411,0
470137032,0
1109743,0
461107792,0
91599902,0
4087126,0
78110777,0
11379163,0
12343172,0
81278360,0
474295182,0
110957234,0
39407231,0
7291252,0
80003206,0
126542781,0
125970477,0
873296,0
61419159,0
74041096,0
97231602,0
111895302,0
3147292,0
6069989,0
355182901,0
107690710,0
375196321,0
3040655,0
967366,0
119872980,0
17604186,0
17735245,0
583363282,0
3528853,0
96974432,0
134781030,0
66730255,0
115416828,0
6821457,0
137209148,0
101391692,0
447157912,0
1139797,0
68305918,0
103306138,0
7936629,0
370962431,0
71059077,0
3152800,0
129507030,0
65657432,0
84759243,0
427260792,0
551144222,0
122570632,0
15614754,0
455476842,0
270153,0
2594366,0
61695901,0
1574624,0
7928086,0
472875912,0
2795612,0
132015872,0
625945,0
7474202,0
384002311,0
531483151,0
663569,0
354918081,0
366068721,0
7600180,0
423097642,0
4132633,0
407244532,0
145068166,0
388198391,0
72569039,0
75814728,0
423049832,0
126772735,0
2500448,0
141827625,0
74592314,0
137259116,0
366297891,0
3117822,0
77030932,0
99421906,0
144536760,0
141450287,0
123272174,0
89123711,0
16638865,0
893027,0
1139271,0
70624664,0
676171,0
3129431,0
422004062,0
137724065,0
17458192,0
541853,0
61915579,0
3109247,0
392153782,0
563416,0
380544211,0
119126240,0
92910048,0
611510,0
113430070,0
2538419,0
75326700,0
61723634,0
286431,0
1601661,0
14574291,0
377386401,0
4125130,0
7358665,0
2420477,0
6635015,0
17612013,0
95258846,0
3600825,0
497800112,0
784833,0
87396941,0
3616627,0
505638592,0
592241582,0
124248308,0
15217728,0
71641958,0
415759422,0
137968369,0
9592953,0
527958861,0
4121830,0
7164536,0
66885881,0
381431901,0
89755731,0
17881354,0
3471385,0
60818292,0
2200212,0
5404536,0
831253,0
2713544,0
131812318,0
136672558,0
125983795,0
7063934,0
369673411,0
124220584,0
97231086,0
423029872,0
67503794,0
80194326,0
80206410,0
353382891,0
433928782,0
851892,0
69465443,0
69255022,0
121696256,0
376213421,0
90303473,0
447794642,0
568824732,0
6446904,0
2138669,0
107742762,0
435969422,0
102208898,0
5414113,0
131340710,0
901067,0
4585689,0
119924514,0
81404754,0
71615192,0
483310212,0
4602471,0
599964852,0
425883352,0
90282287,0
369498061,0
84311029,0
65335090,0
89904357,0
136332368,0
2523094,0
13114247,0
348291311,0
528301691,0
412537052,0
144808626,0
104797184,0
136744498,0
77030935,0
439645132,0
396891112,0
69002505,0
604054272,0
126938661,0
124197400,0
106051978,0
145328148,0
17608116,0
5981840,0
493843532,0
85436742,0
17603430,0
81670608,0
2170703,0
86344753,0
413413912,0
86835021,0
67782086,0
70775764,0
471132502,0
118424912,0
124239038,0
84383933,0
7232101,0
589296542,0
89640211,0
70097717,0
145426928,0
97966476,0
365649491,0
680648,0
66608883,0
73682286,0
129029798,0
15051379,0
1334779,0
1146872,0
138398609,0
92159744,0
118731448,0
13160828,0
499989122,0
78152484,0
130219924,0
110118556,0
67239288,0
131529428,0
89077559,0
473751692,0
360302011,0
66674553,0
5404582,0
83882115,0
7673567,0
14579018,0
78300691,0
13394792,0
142375213,0
109786458,0
4769544,0
119437870,0
439179592,0
906609,0
20308221,0
132629132,0
401863772,0
7897971,0
60200441,0
134881860,0
447641562,0
112736674,0
141926057,0
81075570,0
99348010,0
6631719,0
67300786,0
92720038,0
132479804,0
105787182,0
7624179,0
5679611,0
109291510,0
723903,0
112665094,0
134533224,0
80105622,0
88552755,0
7088323,0
421491932,0
3165201,0
121685736,0
400435772,0
85918487,0
95055456,0
969349,0
79426375,0
109864140,0
104337124,0
65690455,0
1141631,0
4311599,0
136710424,0
500234852,0
549334992,0
4125288,0
632307,0
13159670,0
2322228,0
514114972,0
87378337,0
3015630,0
78933269,0
93525924,0
141917427,0
66118870,0
70386499,0
14630393,0
100831544,0
10039357,0
3152328,0
370682651,0
363542501,0
130287506,0
2114570,0
85734130,0
16328613,0
414015982,0
568156832,0
367440751,0
64784697,0
70196430,0
78318586,0
67795283,0
144944460,0
66621278,0
633094012,0
51151021,0
432212762,0
36186621,0
112893956,0
65452711,0
105710944,0
850490,0
11080218,0
105069380,0
4195721,0
128548737,0
15078238,0
401472872,0
123784358,0
11206814,0
78069048,0
89724163,0
77468106,0
487044952,0
3135566,0
99408352,0
140216951,0
70899931,0
92689882,0
130430102,0
133102522,0
510165272,0
467229172,0
13245809,0
2450629,0
7823691,0
705152,0
68414735,0
133517142,0
14893479,0
480089642,0
676196,0
124618538,0
107289038,0
143164498,0
516090442,0
7404927,0
1174151,0
457933542,0
70697536,0
500631082,0
2847159,0
1713555,0
97095584,0
69390142,0
121940616,0
440823782,0
412628592,0
74096968,0
505533942,0
1182053,0
73221571,0
414198442,0
66173041,0
126331805,0
84694349,0
550378432,0
7667065,0
138545997,0
98637998,0
410334822,0
443082632,0
124239024,0
456790992,0
136408148,0
572541792,0
74525091,0
109734490,0
13129203,0
122507466,0
142080213,0
102006967,0
84312581,0
74507039,0
3131071,0
515617522,0
408767532,0
72280140,0
397348682,0
445804582,0
368495281,0
84669145,0
16899135,0
2547730,0
476814022,0
62723998,0
134110232,0
600990622,0
4732995,0
73092674,0
566975142,0
7868831,0
14833968,0
456840692,0
72517596,0
369208871,0
66302217,0
107801968,0
382453631,0
886428,0
920114,0
2501190,0
72327966,0
62720573,0
354291211,0
684038,0
18823411,0
92491408,0
413469122,0
75523752,0
635647,0
132640192,0
4157313,0
447641762,0
11995461,0
5728914,0
554446,0
489013002,0
20508461,0
573387,0
3732052,0
439864552,0
81364088,0
71036106,0
4845594,0
140634493,0
3658597,0
4125131,0
3155354,0
508345972,0
66868400,0
140940315,0
138540029,0
3825408,0
95226334,0
144388016,0
6969769,0
3235346,0
114313204,0
680627,0
69000471,0
99156198,0
3104000,0
562739422,0
958976,0
461288022,0
551853412,0
757085,0
33038981,0
58786471,0
376480901,0
2178632,0
546801,0
213130,0
554190,0
69018972,0
77503864,0
4710350,0
463177822,0
96449282,0
557978622,0
613912,0
8317023,0
61424043,0
583177712,0
102621534,0
56903981,0
13066534,0
13689278,0
3109096,0
2954689,0
4672228,0
123985128,0
51245891,0
418187542,0
76199146,0
141821869,0
145631686,0
94757282,0
128095099,0
7578728,0
117726084,0
121248616,0
2148731,0
1026366,0
560112622,0
61424388,0
66589666,0
66129896,0
22369171,0
61639912,0
122474972,0
125499480,0
1125081,0
13550221,0
924338,0
438840752,0
140813717,0
420305402,0
13656341,0
100899720,0
7978344,0
125703422,0
142378795,0
81309628,0
579900362,0
15592555,0
3155472,0
1579681,0
69565035,0
11977782,0
68446354,0
75753213,0
6648191,0
448532802,0
487054652,0
76272882,0
16918515,0
67780209,0
3203333,0
619313,0
106105224,0
98251000,0
102208914,0
3105615,0
129308430,0
81307162,0
142563070,0
383683661,0
556377192,0
75812943,0
7509489,0
92818796,0
78594332,0
13132399,0
124813270,0
87369005,0
3372298,0
6284296,0
24943311,0
72306690,0
107688916,0
72986365,0
114438546,0
1029388,0
79290449,0
445238202,0
63045023,0
506276122,0
120766084,0
4634865,0
2430576,0
112667058,0
90728681,0
64664423,0
82264708,0
84310891,0
548510,0
87938911,0
116897624,0
2309267,0
559788,0
391824292,0
89166189,0
4315492,0
3123334,0
6556777,0
379609971,0
129311012,0
461623752,0
140634489,0
82751280,0
69942181,0
4732805,0
70506860,0
395223022,0
62847155,0
596063,0
419910692,0
14232486,0
134298368,0
74693581,0
63164722,0
12636026,0
131070874,0
13131059,0
446953172,0
87275879,0
4253016,0
115800290,0
1121654,0
5191889,0
4225239,0
438359142,0
114823166,0
109703512,0
6461684,0
73507015,0
409751822,0
909877,0
586163272,0
115434300,0
69075528,0
15122807,0
11873532,0
61466570,0
71512437,0
81837270,0
39496541,0
2263267,0
84118671,0
114401128,0
725274,0
60906872,0
105247470,0
2477838,0
3912152,0
981985,0
106095096,0
67043106,0
91943944,0
2593672,0
63264155,0
422201652,0
14615812,0
512969982,0
3232329,0
140921587,0
13839794,0
6592573,0
84853869,0
1138012,0
4519822,0
515558682,0
479569532,0
7706021,0
91442668,0
5979387,0
85912299,0
6697440,0
81411120,0
103661688,0
70322132,0
413413962,0
603095732,0
87757527,0
14343282,0
526712112,0
16331689,0
89824825,0
77989870,0
71323824,0
66415461,0
119056470,0
101172738,0
1038490,0
601054032,0
2270632,0
362302751,0
426048052,0
94354518,0
611757372,0
634358,0
61721047,0
71171823,0
13784240,0
136340746,0
2961504,0
6164310,0
451749642,0
1013991,0
126029113,0
59817751,0
2417396,0
13483756,0
84842511,0
524818782,0
72151869,0
11011566,0
515490382,0
925758,0
65721417,0
953342,0
384376081,0
570313822,0
791305,0
88252811,0
20232141,0
84323245,0
93181906,0
408741252,0
371960541,0
568844612,0
12815705,0
96824318,0
360184711,0
17610654,0
124220566,0
121179334,0
591097702,0
785344,0
1369792,0
103523938,0
2162745,0
87321211,0
3164670,0
568630602,0
595518572,0
136408136,0
70078100,0
92141208,0
3275349,0
360301971,0
70128385,0
479534762,0
14573151,0
19485651,0
102255822,0
421180382,0
13188346,0
5639047,0
63094571,0
2437331,0
95447424,0
484653502,0
365794811,0
89538855,0
3468651,0
74233260,0
22716331,0
13140064,0
62538279,0
491224522,0
344958971,0
13522917,0
1090607,0
599715,0
124543112,0
377145571,0
5677465,0
357727251,0
512114372,0
132713530,0
2657828,0
108258886,0
65212064,0
2185064,0
851063,0
68765125,0
43499701,0
7681465,0
1103436,0
140343503,0
5786006,0
90769663,0
14164423,0
67780333,0
90944585,0
3239853,0
7429711,0
429665312,0
105081000,0
726157,0
25682081,0
135373086,0
4621948,0
60137461,0
17774104,0
451164892,0
136427084,0
413413932,0
71590746,0
64758951,0
5702952,0
72420915,0
3129776,0
510809222,0
545574222,0
3872558,0
829150,0
109576268,0
477106942,0
3158004,0
101916653,0
366441171,0
70009150,0
106275412,0
378258171,0
1149556,0
121930088,0
71903707,0
132198380,0
40816211,0
415732802,0
10235340,0
407610252,0
14825469,0
5169795,0
144946374,0
13275699,0
142342989,0
75346421,0
91151375,0
61839631,0
107369616,0
70147471,0
88808323,0
14236072,0
18084825,0
71645439,0
959908,0
83941471,0
3099711,0
69295390,0
61260123,0
369229921,0
124996694,0
20296791,0
2630343,0
145618018,0
579928942,0
10285026,0
509957722,0
96461832,0
13569188,0
536929,0
358658271,0
68557249,0
611971882,0
102926666,0
68772213,0
563085362,0
111401562,0
441178832,0
113245164,0
90257919,0
461624262,0
92141162,0
60890286,0
566962022,0
421176752,0
7667067,0
354558521,0
922001,0
380091311,0
99327588,0
144389048,0
61046485,0
532986652,0
114065290,0
119678014,0
127902699,0
76543389,0
99938474,0
908439,0
122368918,0
510317132,0
119291064,0
3109102,0
138738365,0
133190016,0
103109862,0
563714142,0
92210382,0
7706033,0
73594516,0
661914,0
14647864,0
71734924,0
2309901,0
689452,0
65445748,0
142378779,0
78014001,0
85893501,0
136445294,0
424780422,0
66210085,0
98744590,0
3151655,0
2920974,0
75834067,0
6416097,0
72294257,0
134336162,0
370962421,0
504599432,0
143222578,0
404206122,0
5454980,0
90240221,0
4778534,0
135058832,0
435800622,0
3088064,0
98442448,0
82418392,0
483158192,0
2929370,0
3182576,0
910851,0
7902515,0
136408088,0
75827311,0
6586826,0
88375979,0
5448331,0
2122529,0
87005795,0
1102755,0
85228576,0
92720048,0
112744112,0
689509,0
